snapped_at time utf	price	market_cap total_volume
2014-03-20 00:00:00 UTC	7.774866216	31807330.22	24102.12112
2014-03-21 00:00:00 UTC	12.25483456	50771189.43	46135.65895
2014-03-22 00:00:00 UTC	8.37698808	35100425.28	133472.8175
2014-03-23 00:00:00 UTC	8.609706206	36477199.21	112293.1437
2014-03-24 00:00:00 UTC	7.762261689	33261696.01	99021.59076
2014-03-25 00:00:00 UTC	7.749108719	33580326.09	39452.33789
2014-03-26 00:00:00 UTC	8.690683439	38149953.16	93245.9056
2014-03-27 00:00:00 UTC	7.199002289	32016870.94	70574.79291
2014-03-28 00:00:00 UTC	7.967894702	35838828.47	158061.3677
2014-03-29 00:00:00 UTC	8.371068758	38146104.59	17382.29385
2014-03-30 00:00:00 UTC	7.120131839	32802497.49	50097.97981
2014-03-31 00:00:00 UTC	7.116215559	33148058.2	100088.298
2014-04-01 00:00:00 UTC	7.368689496	34662684.28	103019.2597
2014-04-02 00:00:00 UTC	6.522310062	31020769.64	85470.43165
2014-04-03 00:00:00 UTC	6.837993039	32848400.38	127768.0779
2014-04-04 00:00:00 UTC	6.796384822	32971663.61	171720.3766
2014-04-05 00:00:00 UTC	5.274990835	25835582.02	179338.3727
2014-04-06 00:00:00 UTC	5.989193202	29600070.13	133821.6749
2014-04-08 00:00:00 UTC	5.789446269	28953003.23	154322.0468
2014-04-09 00:00:00 UTC	5.058074823	25539525.47	181399.2354
2014-04-10 00:00:00 UTC	4.328000431	22084298.28	109630.3582
2014-04-11 00:00:00 UTC	5.321224542	27413134.48	178139.5866
2014-04-12 00:00:00 UTC	5.815290079	30249707.53	211136.464
2014-04-13 00:00:00 UTC	5.219919767	27388677.66	177968.9087
2014-04-14 00:00:00 UTC	5.396609763	28567003.48	191010.4179
2014-04-15 00:00:00 UTC	6.557413227	35041208.12	230514.5686
2014-04-16 00:00:00 UTC	3.266236056	17615999.4	171951.3865
2014-04-17 00:00:00 UTC	6.118492293	33285528.93	146509.0389
2014-04-18 00:00:00 UTC	5.972894214	32778335.86	146626.9489
2014-04-19 00:00:00 UTC	6.211917344	34368686.4	138585.105
2014-04-20 00:00:00 UTC	6.187742851	34536508.05	157745.9401
2014-04-21 00:00:00 UTC	6.619686549	37256899.46	234662.6892
2014-04-22 00:00:00 UTC	5.965494317	33597346.86	214062.3187
2014-04-23 00:00:00 UTC	5.594895375	31510162.66	91503.25528
2014-04-24 00:00:00 UTC	5.123093761	28852998.57	51584.43339
2014-04-25 00:00:00 UTC	4.922162523	27721292.9	33409.33384
2014-04-26 00:00:00 UTC	4.893464761	27559688.2	17648.53774
2014-04-27 00:00:00 UTC	3.989597756	22469203.17	45455.10836
2014-04-28 00:00:00 UTC	4.388028154	26197603.26	48224.92774
2014-04-29 00:00:00 UTC	4.678356621	28210465.13	68679.38829
2014-04-30 00:00:00 UTC	4.41977356	26883525.37	82738.29146
2014-05-01 00:00:00 UTC	4.389539514	26908282.73	58499.15204
2014-05-02 00:00:00 UTC	4.565115901	28174067.83	75521.33142
2014-05-03 00:00:00 UTC	4.030657606	24875619.24	85156.62353
2014-05-04 00:00:00 UTC	3.813838828	23537475.97	67722.13306
2014-05-05 00:00:00 UTC	3.718587795	22949618.73	56821.83818
2014-05-06 00:00:00 UTC	3.593343979	22176676.01	46177.19984
2014-05-07 00:00:00 UTC	3.642917664	22482576.98	71021.64895
2014-05-08 00:00:00 UTC	3.634330579	22429673.73	76145.65627
2014-05-09 00:00:00 UTC	3.653802358	22549844.09	63235.39568
2014-05-10 00:00:00 UTC	3.641623926	22474688.17	89432.39742
2014-05-11 00:00:00 UTC	3.197588437	19734227.9	65999.06166
2014-05-12 00:00:00 UTC	3.049187814	18818356.87	79363.38181
2014-05-13 00:00:00 UTC	3.124194594	19281268.23	102756.1856
2014-05-14 00:00:00 UTC	3.099290595	19127606.96	80269.42583
2014-05-15 00:00:00 UTC	3.075684289	18981887.91	93171.31948
2014-05-16 00:00:00 UTC	3.096580029	19110890.49	122267.4796
2014-05-17 00:00:00 UTC	3.396575801	20962256.5	168774.3292
2014-05-18 00:00:00 UTC	3.637643688	25285607.03	130446.9369
2014-05-19 00:00:00 UTC	3.62953474	25398548.28	76391.47376
2014-05-20 00:00:00 UTC	3.573306727	25168554.22	95344.28819
2014-05-21 00:00:00 UTC	3.319208667	23531327.94	75132.08229
2014-05-22 00:00:00 UTC	3.982027335	28410975.59	68342.02082
2014-05-23 00:00:00 UTC	3.781986136	27156158.59	66079.48713
2014-05-25 00:00:00 UTC	3.476559722	25206968.84	61534.92034
2014-05-26 00:00:00 UTC	3.260942651	23793788.61	61197.85935
2014-05-27 00:00:00 UTC	2.977434828	21865971.47	77790.38584
2014-05-28 00:00:00 UTC	3.565664611	26376801.89	81033.13395
2014-05-29 00:00:00 UTC	3.510167866	26126007.66	56557.02695
2014-05-30 00:00:00 UTC	3.194274902	23923205.55	58745.94896
2014-05-31 00:00:00 UTC	3.166369833	23860511.26	73331.87132
2014-06-01 00:00:00 UTC	3.262710785	24738075.3	100265.5132
2014-06-02 00:00:00 UTC	3.043307051	23213421.51	98666.21779
2014-06-03 00:00:00 UTC	3.23498179	24822326.16	55944.56923
2014-06-04 00:00:00 UTC	2.942342306	22709700.89	67566.5508
2014-06-05 00:00:00 UTC	2.990616963	23224353.25	47741.07469
2014-06-06 00:00:00 UTC	2.846270619	22234210.34	46972.97548
2014-06-07 00:00:00 UTC	2.979126213	23407464.11	92634.52155
2014-07-08 00:00:00 UTC	4.971408735	45994753.48	123876.9188
2014-07-09 00:00:00 UTC	5.89730244	54899136.14	187305.2077
2014-07-10 00:00:00 UTC	5.23785732	49001466.13	210535.9967
2014-07-11 00:00:00 UTC	6.39505132	60124678.63	225721.9928
2014-07-12 00:00:00 UTC	5.658187641	53452353.93	198175.5656
2014-07-13 00:00:00 UTC	6.078718165	57706462.13	224886.9759
2014-07-14 00:00:00 UTC	6.831364038	65162623.94	281019.6745
2014-07-15 00:00:00 UTC	7.345561798	70402117.07	293126.3977
2014-07-16 00:00:00 UTC	11.2540048	108373853.3	540672.1074
2014-07-17 00:00:00 UTC	12.6252866	122161039	1022727.568
2014-07-18 00:00:00 UTC	14.02722355	136364224.8	851993.1078
2014-07-19 00:00:00 UTC	11.78216218	115089374.8	391900.3051
2014-07-20 00:00:00 UTC	11.87305282	116518007.8	376530.2934
2014-07-21 00:00:00 UTC	11.31305677	111533768.8	431723.3573
2014-07-22 00:00:00 UTC	13.16533976	130265126.7	555187.3963
2014-07-23 00:00:00 UTC	14.22794119	140779121.4	725326.6742
2014-07-24 00:00:00 UTC	15.27956746	151184452.4	817811.1693
2014-07-29 00:00:00 UTC	24.89339715	254864793.1	1083654.029
2014-07-30 00:00:00 UTC	32.74209118	336703291.4	1218286.083
2014-07-31 00:00:00 UTC	50.75478775	524236047.6	1847563.907
2014-08-01 00:00:00 UTC	75.88838387	787273719.9	8635437.17
2014-08-02 00:00:00 UTC	37.35889679	389266661.4	8023453.775
2014-08-03 00:00:00 UTC	44.25889286	463071975.3	4318580.168
2014-08-04 00:00:00 UTC	45.54283991	478420701.9	2275932.297
2014-08-05 00:00:00 UTC	38.69255145	408026497.5	1992978.084
2014-08-06 00:00:00 UTC	33.45822684	354238976.7	1817403.94
2014-08-07 00:00:00 UTC	34.30157035	364529648.4	1969034.978
2014-08-08 00:00:00 UTC	24.78283517	264409307.5	2096942.313
2014-08-09 00:00:00 UTC	27.14024633	290617757.7	2247063.001
2014-08-10 00:00:00 UTC	26.5497627	285237375.5	1470510.405
2014-08-11 00:00:00 UTC	24.89597378	268469467.7	1493679.114
2014-08-12 00:00:00 UTC	22.00516389	238096973.6	1680433.971
2014-08-13 00:00:00 UTC	11.9259408	129519294.9	903397.5761
2014-08-14 00:00:00 UTC	13.36152607	145625268.4	955091.5428
2014-08-15 00:00:00 UTC	16.80978356	183877179.4	1078302.251
2014-08-16 00:00:00 UTC	21.75975057	238551057.5	1303785.318
2014-08-17 00:00:00 UTC	24.71431277	272291176.7	1350275.381
2014-08-18 00:00:00 UTC	20.26583017	224010380.4	1025095.223
2014-08-19 00:00:00 UTC	18.41896074	204287456.4	1156136.277
2014-08-20 00:00:00 UTC	18.64755366	207527692.3	1162888.344
2014-08-21 00:00:00 UTC	19.260687	215070609.2	1004779.413
2014-08-22 00:00:00 UTC	18.70003793	209478759.9	1028068.128
2014-08-23 00:00:00 UTC	18.63081523	209400116.3	885493.5226
2014-08-24 00:00:00 UTC	18.92259723	213405267.1	820104.1911
2014-08-25 00:00:00 UTC	19.21429305	217462565.2	1097066.215
2014-08-26 00:00:00 UTC	23.37557418	265458864.2	1321292.339
2014-08-27 00:00:00 UTC	21.33316141	243166040.4	1201590.437
2014-08-28 00:00:00 UTC	20.99456155	240151540.9	1264894.294
2014-08-29 00:00:00 UTC	22.10201115	253664782	1239992.089
2014-08-30 00:00:00 UTC	22.63549129	260586566.4	1335595.974
2014-08-31 00:00:00 UTC	23.22033879	268103192.7	1319078.114
2014-09-01 00:00:00 UTC	18.86692684	218525236.8	1071798.741
2014-09-02 00:00:00 UTC	19.65931451	228459911	1525527.817
2014-09-03 00:00:00 UTC	20.12330142	234617571.3	1547713.441
2014-09-04 00:00:00 UTC	22.05556179	257982803.5	1182880.327
2014-09-05 00:00:00 UTC	20.80613194	244089217.5	1036494.989
2014-09-06 00:00:00 UTC	20.27573899	238576510.4	971241.464
2014-09-07 00:00:00 UTC	17.91770852	211503319	921397.5547
2014-09-08 00:00:00 UTC	17.67097633	209199620.4	929497.4492
2014-09-09 00:00:00 UTC	16.49447738	195819961.3	910734.4653
2014-09-10 00:00:00 UTC	13.79685244	164278432.1	759500.7515
2014-09-11 00:00:00 UTC	15.11844858	180512008.2	745587.6964
2014-09-12 00:00:00 UTC	14.37463609	172160704.1	696352.0466
2014-09-13 00:00:00 UTC	13.27958373	159505728	625627.646
2014-09-14 00:00:00 UTC	12.22559802	147131404.5	550068.9504
2014-09-15 00:00:00 UTC	10.7089856	129301898.5	458620.1606
2014-09-16 00:00:00 UTC	11.31502774	136944083.5	489337.9283
2014-09-17 00:00:00 UTC	11.80975168	143258192.8	493043.1269
2014-09-18 00:00:00 UTC	13.3156989	161854983.2	555777.1749
2014-09-19 00:00:00 UTC	12.19569031	148606925.6	589756.6165
2014-09-20 00:00:00 UTC	11.35264265	138706587.9	536034.9497
2014-09-21 00:00:00 UTC	11.02319076	134996056.8	460049.9778
2014-09-22 00:00:00 UTC	10.91471523	134002687.6	465366.3378
2014-09-23 00:00:00 UTC	10.24436832	126068733.2	734723.5926
2014-09-24 00:00:00 UTC	9.824216441	121218550.6	690333.2499
2014-09-25 00:00:00 UTC	9.666267232	119586225.1	431223.3938
2014-09-26 00:00:00 UTC	9.596481429	119030437.2	375841.2211
2014-09-27 00:00:00 UTC	9.958737966	123807030.4	201184.3363
2014-09-28 00:00:00 UTC	9.869950909	123000315.2	170615.3476
2014-09-29 00:00:00 UTC	9.34942839	116785112.4	746060.3745
2014-09-30 00:00:00 UTC	3.291681221	41221394.76	336142.0509
2014-10-01 00:00:00 UTC	5.978710393	75076460.02	323543.679
2014-10-02 00:00:00 UTC	6.040717629	76083744.64	376694.972
2014-10-03 00:00:00 UTC	5.452732665	68873193.65	415717.4366
2014-10-04 00:00:00 UTC	5.087208776	64450865.42	378331.8095
2014-10-05 00:00:00 UTC	7.45365921	94685696.36	566490.9707
2014-10-06 00:00:00 UTC	6.447265708	82106251.15	512850.2031
2014-10-07 00:00:00 UTC	6.4142365	81908196.54	514440.6053
2014-10-08 00:00:00 UTC	6.595217712	84441540.21	494068.3765
2014-10-09 00:00:00 UTC	6.860538606	88053983.93	497045.6738
2014-10-10 00:00:00 UTC	7.283209246	93714874.17	484080.7085
2014-10-11 00:00:00 UTC	6.786235785	87539048.51	418145.5301
2014-10-12 00:00:00 UTC	7.148769361	92434302.72	382353.3307
2014-10-13 00:00:00 UTC	6.777343675	87845556.65	518754.5988
2014-10-14 00:00:00 UTC	6.791049089	88247645.6	539208.1718
2014-10-15 00:00:00 UTC	6.263873222	81601355.62	288085.6012
2014-10-16 00:00:00 UTC	5.47294143	71478530.6	330643.3056
2014-10-17 00:00:00 UTC	5.349972287	70053874.62	356836.4255
2014-10-18 00:00:00 UTC	5.274096847	69256539.05	274318.3707
2014-10-19 00:00:00 UTC	4.870748849	64122921.52	246892.1613
2014-10-20 00:00:00 UTC	4.859719789	64146600.31	255581.8176
2014-10-21 00:00:00 UTC	4.834284517	63987798.44	255429.5235
2014-10-22 00:00:00 UTC	5.012577271	66515897.87	279648.4737
2014-10-23 00:00:00 UTC	4.989283802	66382171.52	288997.8691
2014-10-24 00:00:00 UTC	5.021648581	66993813.72	265694.6088
2014-10-25 00:00:00 UTC	4.901106838	65558920.45	244491.1787
2014-10-26 00:00:00 UTC	5.056043296	67811905.49	233376.9725
2014-10-27 00:00:00 UTC	4.453836371	59883834.23	237472.5411
2014-10-28 00:00:00 UTC	4.24833312	57273690.54	215398.2112
2014-10-29 00:00:00 UTC	3.802213098	51403449.64	164853.3763
2014-10-30 00:00:00 UTC	4.137350344	56089231.14	193605.9642
2014-10-31 00:00:00 UTC	4.286046062	58266867.49	204976.5993
2014-11-01 00:00:00 UTC	4.551231963	62030560.92	213997.3573
2014-11-02 00:00:00 UTC	5.114878327	69885094.07	255499.9309
2014-11-03 00:00:00 UTC	4.602683163	63050315.57	237943.9219
2014-11-04 00:00:00 UTC	5.0721575	69659743.06	269003.0904
2014-11-05 00:00:00 UTC	5.414934531	74555255.34	302761.0705
2014-11-06 00:00:00 UTC	5.751728872	79379610.16	304527.0892
2014-11-07 00:00:00 UTC	5.610616973	77627374.32	284796.9015
2014-11-08 00:00:00 UTC	5.957863253	82630797.03	307318.6435
2014-11-09 00:00:00 UTC	6.100577398	84806871.67	279339.2902
2014-11-10 00:00:00 UTC	5.861741541	81671058.72	335334.796
2014-11-11 00:00:00 UTC	5.78502281	80793917.82	333850.0896
2014-11-12 00:00:00 UTC	5.347004524	74851646.93	268650.274
2014-11-13 00:00:00 UTC	5.754466309	80563103.77	284306.4285
2014-11-14 00:00:00 UTC	5.661596085	79626668.9	258476.5548
2014-11-15 00:00:00 UTC	5.214390939	73526301.59	235000.9801
2014-11-16 00:00:00 UTC	5.293181493	74815415.18	280068.5629
2014-11-17 00:00:00 UTC	5.106633281	72349758.99	265369.2793
2014-11-18 00:00:00 UTC	5.15557642	73214082.96	222930.3699
2014-11-19 00:00:00 UTC	5.661756789	80582368.94	244437.3732
2014-11-20 00:00:00 UTC	5.566061831	79391522.92	243556.3828
2014-11-21 00:00:00 UTC	5.17184693	73929741.71	228669.1491
2014-11-22 00:00:00 UTC	5.357439315	76754157.96	214953.646
2014-11-23 00:00:00 UTC	5.35835714	76940114.34	223122.7708
2014-11-24 00:00:00 UTC	5.44200171	78304962.6	225842.086
2014-11-25 00:00:00 UTC	5.181275246	74713470.92	232618.3285
2014-11-26 00:00:00 UTC	5.251409088	75890475.87	254321.4428
2014-11-27 00:00:00 UTC	5.217085637	75546008.56	221668.9863
2014-11-28 00:00:00 UTC	5.476703625	79462314.4	235393.8722
2014-11-29 00:00:00 UTC	5.473476314	79579145.81	243942.0034
2014-11-30 00:00:00 UTC	5.353813502	78007739.64	224967.1787
2014-12-01 00:00:00 UTC	5.26801621	76908032.04	208252.8891
2014-12-02 00:00:00 UTC	5.317928465	77801559.34	206454.2259
2014-12-03 00:00:00 UTC	4.491666638	65865125.83	329707.9236
2014-12-04 00:00:00 UTC	4.757083575	69911289.48	354392.4957
2014-12-05 00:00:00 UTC	4.535634249	66803089.04	234519.5676
2014-12-06 00:00:00 UTC	4.350440437	64215111.11	239209.8954
2014-12-07 00:00:00 UTC	4.000349	59187763.69	189716.3008
2014-12-08 00:00:00 UTC	4.143511888	61463819.46	192149.3321
2014-12-09 00:00:00 UTC	4.74375863	70528305.81	222348.3303
2014-12-10 00:00:00 UTC	4.406298335	65654285.83	197393.2967
2014-12-11 00:00:00 UTC	4.215483138	62938006.34	182210.1728
2014-12-12 00:00:00 UTC	4.313179818	64527757.98	185404.1426
2014-12-13 00:00:00 UTC	3.860695521	57897306.46	172268.4084
2014-12-14 00:00:00 UTC	3.87570652	58232296.68	170366.1774
2014-12-15 00:00:00 UTC	3.817732859	57491811.79	154553.7661
2014-12-16 00:00:00 UTC	3.79444717	57248531.96	170836.6347
2014-12-17 00:00:00 UTC	3.483143907	52641798.81	155259.5006
2014-12-18 00:00:00 UTC	2.934926455	44438895.43	131210.9877
2014-12-19 00:00:00 UTC	3.750951665	56897060.52	188094.2255
2014-12-20 00:00:00 UTC	3.358417035	50990677.92	145958.4188
2014-12-21 00:00:00 UTC	3.396349878	51566610.38	140451.4363
2014-12-22 00:00:00 UTC	3.325610016	50716550.43	149685.6678
2014-12-23 00:00:00 UTC	3.474621288	53082136.88	156550.2146
2014-12-24 00:00:00 UTC	3.244159515	49658025.27	138040.8345
2014-12-25 00:00:00 UTC	3.300904375	50595602.08	134941.5739
2014-12-26 00:00:00 UTC	3.305743316	50759853.91	117879.7294
2014-12-27 00:00:00 UTC	3.201298521	49234690.74	119447.2525
2014-12-28 00:00:00 UTC	3.183521221	49020178.12	117968.7864
2014-12-29 00:00:00 UTC	3.090453435	47685078.41	119834.6816
2014-12-30 00:00:00 UTC	3.224362138	49840255.32	139331.8116
2014-12-31 00:00:00 UTC	3.04093708	47089062.73	138240.2767
2015-01-01 00:00:00 UTC	3.099258109	48070423.04	147127.4734
2015-01-02 00:00:00 UTC	3.102735099	48203782.22	141548.1791
2015-01-03 00:00:00 UTC	2.82925419	44019658.63	100593.901
2015-01-04 00:00:00 UTC	2.530430883	39405134.92	95480.49279
2015-01-05 00:00:00 UTC	2.641802884	41223352.65	96929.57058
2015-01-06 00:00:00 UTC	2.848777211	44499324.42	63943.33785
2015-01-07 00:00:00 UTC	2.987120066	46719155.26	25996.14741
2015-01-08 00:00:00 UTC	2.505225481	39238344.62	132397.2843
2015-01-09 00:00:00 UTC	2.736583601	42914693.54	188097.117
2015-01-10 00:00:00 UTC	2.793880789	43899690.07	106434.7255
2015-01-11 00:00:00 UTC	2.74529396	43206671.73	114526.4915
2015-01-12 00:00:00 UTC	2.715507938	42801836.12	122116.1323
2015-01-13 00:00:00 UTC	2.682003608	42337036.15	129134.5766
2015-01-14 00:00:00 UTC	2.512195493	39714670.5	144086.4467
2015-01-15 00:00:00 UTC	3.250461128	51440660.14	188614.5069
2015-01-16 00:00:00 UTC	3.932701644	62302056.08	208243.999
2015-01-17 00:00:00 UTC	3.445217725	54650627.46	202041.1138
2015-01-18 00:00:00 UTC	2.960572439	47032541.94	169816.4713
2015-01-19 00:00:00 UTC	3.482649584	55411566.87	168646.1535
2015-01-20 00:00:00 UTC	3.639968836	57992893.49	145172.8031
2015-01-21 00:00:00 UTC	3.798459037	60586561.17	132963.5056
2015-01-22 00:00:00 UTC	3.961966718	63266071.24	140261.51
2015-01-23 00:00:00 UTC	3.677749303	58782938.21	113429.7566
2015-01-24 00:00:00 UTC	4.211925148	67386801.04	105126.8339
2015-01-25 00:00:00 UTC	4.216090988	67549577.39	123286.8024
2015-01-26 00:00:00 UTC	6.892725597	110563454.2	302025.4469
2015-01-27 00:00:00 UTC	8.565475098	137450178.9	602336.0249
2015-01-29 00:00:00 UTC	7.138522432	115031935.1	395769.2335
2015-01-30 00:00:00 UTC	5.695456903	91922965.78	292323.3024
2015-01-31 00:00:00 UTC	5.307607411	85797473.8	225478.3135
2015-02-01 00:00:00 UTC	4.569723411	74038887.19	199929.6319
2015-02-02 00:00:00 UTC	5.118043121	83055091.96	246471.4565
2015-02-03 00:00:00 UTC	5.385807988	87568929.23	277083.8671
2015-02-04 00:00:00 UTC	5.926782013	96532758.38	285278.6521
2015-02-05 00:00:00 UTC	5.730334529	93463475.26	226696.5275
2015-02-06 00:00:00 UTC	6.348404273	103700866.4	291509.6391
2015-02-07 00:00:00 UTC	7.570592753	123837863.6	385027.0049
2015-02-08 00:00:00 UTC	7.61681993	124754751.1	355651.4772
2015-02-09 00:00:00 UTC	8.347947847	136941406.1	423684.3409
2015-02-10 00:00:00 UTC	8.507492473	139775549.1	436545.4559
2015-02-11 00:00:00 UTC	6.554789412	107864959.1	339793.5946
2015-02-12 00:00:00 UTC	8.791275057	144902630.7	538790.3058
2015-02-13 00:00:00 UTC	8.006919611	132173424.8	389871.5831
2015-02-14 00:00:00 UTC	7.999006862	132263578.5	378162.682
2015-02-15 00:00:00 UTC	7.601401435	125891370	307366.6248
2015-02-16 00:00:00 UTC	7.704114229	127829744.9	337634.5546
2015-02-17 00:00:00 UTC	7.279947534	121000736	367150.9182
2015-02-18 00:00:00 UTC	7.553958942	125768128.6	335254.0074
2015-02-19 00:00:00 UTC	7.943223502	132489790.7	411908.1332
2015-02-20 00:00:00 UTC	8.233206049	137565758.3	490307.9453
2015-02-21 00:00:00 UTC	7.024041885	117580002.7	323220.4746
2015-02-22 00:00:00 UTC	6.714326481	112662369.7	261936.8938
2015-02-23 00:00:00 UTC	7.824990914	131567049.7	231820.3269
2015-02-24 00:00:00 UTC	8.348154575	140631342.3	399156.5081
2015-02-25 00:00:00 UTC	9.183695837	155013898	588937.1507
2015-02-26 00:00:00 UTC	10.0241678	169516195.6	648824.7195
2015-02-27 00:00:00 UTC	11.66701065	197653160.9	840428.828
2015-02-28 00:00:00 UTC	10.71536095	181877179	801263.5091
2015-03-01 00:00:00 UTC	12.16886467	206915724.2	812415.0738
2015-03-02 00:00:00 UTC	16.64460916	283645778.1	1151886.361
2015-03-03 00:00:00 UTC	19.81119725	338369305.7	1940602.048
2015-03-04 00:00:00 UTC	25.24122278	431930328.3	4098665.774
2015-03-05 00:00:00 UTC	24.25028287	415738361.9	4015356.499
2015-03-06 00:00:00 UTC	18.38567989	315768536.3	1696399.01
2015-03-07 00:00:00 UTC	16.59996745	285676309.8	28301.32473
2015-03-08 00:00:00 UTC	20.45285137	352129583.6	1225566.145
2015-03-09 00:00:00 UTC	17.86710838	308668590.9	1096934.136
2015-03-10 00:00:00 UTC	15.46173887	267562298.9	936495.3118
2015-03-11 00:00:00 UTC	13.674887	236734857.5	852469.5689
2015-03-12 00:00:00 UTC	14.99007736	260361154.6	38760.94653
2015-03-13 00:00:00 UTC	15.49456985	269562905.4	979305.414
2015-03-14 00:00:00 UTC	15.03962041	262165399.1	824008.5729
2015-03-15 00:00:00 UTC	16.73374506	292342709.6	1206250.347
2015-03-16 00:00:00 UTC	16.68664498	292182319.4	1276405.762
2015-03-17 00:00:00 UTC	17.12343001	300413456.2	1204351.387
2015-03-18 00:00:00 UTC	16.86888162	296656995.6	1002379.416
2015-03-19 00:00:00 UTC	17.53148574	309009967.6	1496919.681
2015-03-20 00:00:00 UTC	17.88088109	315842519.4	1680836.862
2015-03-21 00:00:00 UTC	18.34406728	324742271.4	780834.6299
2015-03-22 00:00:00 UTC	18.63061632	330544394.8	1156505.961
2015-03-23 00:00:00 UTC	19.27381754	342741478.8	2111071.442
2015-03-24 00:00:00 UTC	20.0624438	357571932.6	2136629.573
2015-03-25 00:00:00 UTC	20.08289186	358763792.7	2138486.47
2015-03-26 00:00:00 UTC	18.74785872	335634478.2	1577024.989
2015-03-27 00:00:00 UTC	18.78227143	336930471.7	1231012.023
2015-03-28 00:00:00 UTC	17.98858701	322847467	1269003.332
2015-03-29 00:00:00 UTC	16.77140281	301002236.2	917170.8795
2015-03-30 00:00:00 UTC	16.02575241	287619787.5	634367.316
2015-03-31 00:00:00 UTC	15.26390672	273946676.3	1362192.73
2015-04-01 00:00:00 UTC	16.84849654	305604769.6	1733384.587
2015-04-02 00:00:00 UTC	17.40490522	316426398.3	1204057.228
2015-04-03 00:00:00 UTC	16.58881144	302023366.1	1029275.52
2015-04-04 00:00:00 UTC	16.41273218	299275503	922657.0048
2015-04-05 00:00:00 UTC	17.62808075	321951334.1	829671.8106
2015-04-06 00:00:00 UTC	17.14895825	313807929.6	1006981.291
2015-04-07 00:00:00 UTC	16.84746094	308540187.8	1091121.573
2015-04-08 00:00:00 UTC	16.25781232	298603987.2	1065439.795
2015-04-09 00:00:00 UTC	11.91551683	219209763	756303.029
2015-04-10 00:00:00 UTC	12.51341256	230590910	795288.5331
2015-04-11 00:00:00 UTC	10.12673444	186610399	817479.9628
2015-04-12 00:00:00 UTC	11.62020104	214131254.6	980866.8758
2015-04-13 00:00:00 UTC	13.03531957	241815606.3	910616.3911
2015-04-14 00:00:00 UTC	12.18521763	226503699.5	918796.9101
2015-04-15 00:00:00 UTC	11.63481234	216754808.7	62907.38561
2015-04-16 00:00:00 UTC	11.65486552	217607411.3	684598.7786
2015-04-17 00:00:00 UTC	11.49514736	215098346.9	1017126.542
2015-04-18 00:00:00 UTC	10.73128783	201225061	939668.5352
2015-04-19 00:00:00 UTC	10.89797498	204702657.9	585155.4161
2015-04-20 00:00:00 UTC	11.38682757	214306927	806390.5798
2015-04-21 00:00:00 UTC	12.36015592	233041469.7	895834.7281
2015-04-22 00:00:00 UTC	11.2273613	212084293.7	799293.0134
2015-04-23 00:00:00 UTC	11.26045153	213144019.8	915143.1428
2015-04-24 00:00:00 UTC	11.00128703	208678463.1	710170.1862
2015-04-25 00:00:00 UTC	10.9771161	208621738	766041.8288
2015-04-26 00:00:00 UTC	10.69640449	203685212.8	715503.6617
2015-04-27 00:00:00 UTC	10.89254042	207776842.4	669610.6624
2015-04-28 00:00:00 UTC	11.19734158	213941447.1	602071.7171
2015-04-29 00:00:00 UTC	11.01799246	210972519.6	474048.1015
2015-04-30 00:00:00 UTC	11.19346198	214749366.5	374303.3689
2015-05-01 00:00:00 UTC	8.658259608	166420840.8	974650.1263
2015-05-02 00:00:00 UTC	8.990092955	173117725	1150588.401
2015-05-03 00:00:00 UTC	8.428739519	162608085.7	514974.5551
2015-05-04 00:00:00 UTC	8.395518381	162224922.6	548326.4026
2015-05-05 00:00:00 UTC	9.564332293	185155908.9	749956.6301
2015-05-06 00:00:00 UTC	9.461269468	183175853.7	743074.2541
2015-05-07 00:00:00 UTC	9.06417233	175487814.8	627911.1116
2015-05-08 00:00:00 UTC	9.056549173	175340225.9	601136.6971
2015-05-09 00:00:00 UTC	8.692263479	168287436.3	545998.5409
2015-05-10 00:00:00 UTC	8.6597275	167657520.2	497629.2775
2015-05-11 00:00:00 UTC	8.898101083	172272575.8	444612.6298
2015-05-12 00:00:00 UTC	9.043291922	175083557.6	412182.4981
2015-05-13 00:00:00 UTC	8.848290028	171308203.9	544183.0539
2015-05-14 00:00:00 UTC	11.81171259	228681842.8	647465.5739
2015-05-15 00:00:00 UTC	13.45442097	260485662.6	1043154.88
2015-05-16 00:00:00 UTC	13.64415032	264158936.8	810110.7466
2015-05-17 00:00:00 UTC	14.18003571	274533999.4	924410.6217
2015-05-18 00:00:00 UTC	13.92902774	269674334.4	810321.0577
2015-05-19 00:00:00 UTC	8.296470411	160624645	468858.4478
2015-05-20 00:00:00 UTC	13.13588398	254318595.5	608018.1743
2015-05-21 00:00:00 UTC	13.96659128	270401587.1	479342.6423
2015-05-22 00:00:00 UTC	15.08613434	299689830.2	670275.4785
2015-05-23 00:00:00 UTC	14.79023351	294108230.4	501884.1193
2015-05-24 00:00:00 UTC	15.11725223	300871112.5	392150.6988
2015-05-25 00:00:00 UTC	15.94323998	317606878	621743.3527
2015-05-26 00:00:00 UTC	17.10074426	341038432.8	719287.1454
2015-05-27 00:00:00 UTC	16.65691324	332571096.8	785060.2802
2015-05-28 00:00:00 UTC	15.69142573	313583728.4	504316.8886
2015-05-29 00:00:00 UTC	15.66644419	313443248.9	443823.7889
2015-05-30 00:00:00 UTC	15.13780981	303164917.1	433238.9547
2015-05-31 00:00:00 UTC	14.64843913	293668245.7	612702.4159
2015-06-01 00:00:00 UTC	14.46018645	290207265.9	453885.2681
2015-06-02 00:00:00 UTC	13.4849495	270900498.9	462017.7804
2015-06-03 00:00:00 UTC	15.43425958	310105915.3	612987.11
2015-06-04 00:00:00 UTC	15.75233325	316496667.2	728647.8275
2015-06-05 00:00:00 UTC	14.88150494	298999941.3	324696.7153
2015-06-06 00:00:00 UTC	15.4190808	309800942.5	432611.8011
2015-06-07 00:00:00 UTC	15.42186036	309856789.4	463585.8256
2015-06-08 00:00:00 UTC	15.7500592	316450977	685671.4515
2015-06-09 00:00:00 UTC	15.87563752	318974102.8	693746.9116
2015-06-10 00:00:00 UTC	16.28128327	327124357.6	643353.8274
2015-06-11 00:00:00 UTC	16.33225549	328148494	718425.9751
2015-06-12 00:00:00 UTC	17.75948596	356824480	795676.6209
2015-06-13 00:00:00 UTC	18.64114038	374538724.5	814156.6902
2015-06-14 00:00:00 UTC	19.86654093	399159533.6	968442.2326
2015-06-15 00:00:00 UTC	21.69134328	435823553.7	1093657.215
2015-06-16 00:00:00 UTC	18.96145247	380974451	1116808.751
2015-06-17 00:00:00 UTC	18.11513644	363970227.1	967239.0422
2015-06-18 00:00:00 UTC	18.20991017	365874425.7	450968.415
2015-06-19 00:00:00 UTC	19.34287036	388637918.5	890006.9575
2015-06-20 00:00:00 UTC	17.12644837	344105457	866755.4557
2015-06-21 00:00:00 UTC	18.25894059	376468314.7	1050895.124
2015-06-22 00:00:00 UTC	18.02451234	372253043.6	825680.6506
2015-06-23 00:00:00 UTC	18.38338015	380283197.6	797357.4818
2015-06-24 00:00:00 UTC	19.65298692	407174513.6	731736.1672
2015-06-25 00:00:00 UTC	20.48703973	425125537	944850.762
2015-06-26 00:00:00 UTC	19.40920845	403388372.5	657565.0992
2015-06-27 00:00:00 UTC	18.8363576	392192743.4	573230.1413
2015-06-28 00:00:00 UTC	19.33239062	403095810.2	526126.0223
2015-06-29 00:00:00 UTC	19.03621935	397477211.8	685565.4648
2015-06-30 00:00:00 UTC	19.73108973	412487309.8	788569.0827
2015-07-01 00:00:00 UTC	20.54292598	430039449.5	560076.0046
2015-07-02 00:00:00 UTC	20.10310642	421261600.2	514172.9421
2015-07-03 00:00:00 UTC	20.0183223	420005421	445909.8834
2015-07-04 00:00:00 UTC	20.70306664	434884477.2	478373.1852
2015-07-05 00:00:00 UTC	22.20052458	466968054	756242.7102
2015-07-06 00:00:00 UTC	20.76295072	437284352.5	723156.1169
2015-07-07 00:00:00 UTC	20.56128528	433457595.3	416378.7486
2015-07-08 00:00:00 UTC	19.62373025	414044028.2	477825.8837
2015-07-09 00:00:00 UTC	18.58375456	392441507.8	454857.1461
2015-07-10 00:00:00 UTC	19.28660634	407864472	550801.653
2015-07-11 00:00:00 UTC	19.1138442	404685955	753911.3639
2015-07-12 00:00:00 UTC	19.20206921	406931210.7	338290.4905
2015-07-13 00:00:00 UTC	19.41201879	411721153.8	384963.5276
2015-07-14 00:00:00 UTC	19.60690326	415933983.3	509092.0539
2015-07-15 00:00:00 UTC	19.57692455	415760040.9	233807.8271
2015-07-16 00:00:00 UTC	18.93460744	402714485.2	521731.7458
2015-07-17 00:00:00 UTC	18.12841647	385876940.8	281948.9486
2015-07-18 00:00:00 UTC	17.93744607	381862217.5	477572.5256
2015-07-19 00:00:00 UTC	18.8511277	401313174.6	401668.1304
2015-07-20 00:00:00 UTC	19.34709741	413132114	491178.8612
2015-07-21 00:00:00 UTC	17.78878345	380311738	427557.0654
2015-07-22 00:00:00 UTC	18.35934898	392895576.1	391783.0075
2015-07-23 00:00:00 UTC	18.24908396	390914540.1	390729.3668
2015-07-24 00:00:00 UTC	18.41272182	394641708	389504.8095
2015-07-25 00:00:00 UTC	18.02117663	386249680.9	366009.9219
2015-07-26 00:00:00 UTC	17.79696289	381444085.2	393982.1591
2015-07-27 00:00:00 UTC	17.11260575	366776190.2	484187.1219
2015-07-28 00:00:00 UTC	17.35794393	372034548.1	372912.77
2015-07-29 00:00:00 UTC	17.37749498	372453587.7	531385.7404
2015-07-30 00:00:00 UTC	16.46929515	352988049.9	359810.4512
2015-07-31 00:00:00 UTC	15.33258581	328624845	431515.3359
2015-08-01 00:00:00 UTC	13.84534813	296748731.1	287366.5731
2015-08-02 00:00:00 UTC	15.95829768	342035789.9	617574.6714
2015-08-03 00:00:00 UTC	15.87576229	340266800.7	441632.9324
2015-08-04 00:00:00 UTC	16.40212772	351548443.6	279564.1952
2015-08-05 00:00:00 UTC	15.97022297	342291385.9	350980.4472
2015-08-06 00:00:00 UTC	16.0931539	344926176.9	314719.4064
2015-08-07 00:00:00 UTC	15.39444977	329950781.3	259539.8746
2015-08-08 00:00:00 UTC	14.41856558	309034557.9	526793.5199
2015-08-09 00:00:00 UTC	15.15515458	324821943.7	375161.6079
2015-08-10 00:00:00 UTC	14.68222745	319708439.1	228435.5102
2015-08-11 00:00:00 UTC	14.64790921	319230674.1	538146.8943
2015-08-12 00:00:00 UTC	14.19375332	309601953.9	262510.9841
2015-08-13 00:00:00 UTC	13.09046345	285876740.5	263684.4918
2015-08-14 00:00:00 UTC	13.46808877	294482454.6	712948.6014
2015-08-15 00:00:00 UTC	13.99467217	306287395.2	344022.8689
2015-08-16 00:00:00 UTC	14.76065868	323327800.2	440472.3031
2015-08-17 00:00:00 UTC	14.13774416	309941765.3	342775.394
2015-08-18 00:00:00 UTC	14.4416981	316772871.1	530666.5811
2015-08-19 00:00:00 UTC	14.17708236	311356373.9	426369.0344
2015-08-20 00:00:00 UTC	14.01033875	308019398.9	567800.0064
2015-08-21 00:00:00 UTC	14.2989567	314624949	382963.3212
2015-08-22 00:00:00 UTC	13.96115592	307391844.5	170912.7462
2015-08-23 00:00:00 UTC	14.23975645	313748825.7	299910.4939
2015-08-24 00:00:00 UTC	12.98390883	286229621	201694.3263
2015-08-25 00:00:00 UTC	13.32826624	294092193.1	315573.2308
2015-08-26 00:00:00 UTC	13.38160493	295451117	276202.8282
2015-08-27 00:00:00 UTC	13.35716375	295159258.1	255698.1031
2015-08-28 00:00:00 UTC	13.56545956	300008955.7	204903.5934
2015-08-29 00:00:00 UTC	13.63957896	301847292.3	210150.8103
2015-08-30 00:00:00 UTC	13.52416275	299447278.1	186609.2438
2015-08-31 00:00:00 UTC	13.10702259	290417542.3	454066.0599
2015-09-01 00:00:00 UTC	12.82606517	284330777.8	114249.1205
2015-09-02 00:00:00 UTC	12.99981146	288320218.4	123846.247
2015-09-03 00:00:00 UTC	12.88725012	285982900.6	186606.8819
2015-09-04 00:00:00 UTC	12.83686491	285016911.5	145161.6111
2015-09-05 00:00:00 UTC	11.57666012	257159297.2	179021.5254
2015-09-06 00:00:00 UTC	10.66207492	237037117.2	202997.7797
2015-09-07 00:00:00 UTC	11.0168838	245096469.8	190969.0214
2015-09-08 00:00:00 UTC	11.38138779	253339449.1	190138.4848
2015-09-09 00:00:00 UTC	11.52447518	256661010.4	176078.814
2015-09-10 00:00:00 UTC	12.09144028	269287861.9	180600.0278
2015-09-11 00:00:00 UTC	12.45746829	277439653.4	189503.2505
2015-09-12 00:00:00 UTC	12.24055217	272608725.3	126526.0633
2015-09-13 00:00:00 UTC	12.21399436	272017257.7	252241.5177
2015-09-14 00:00:00 UTC	11.43992325	254777958.7	105154.1853
2015-09-15 00:00:00 UTC	11.38865693	253636209.1	233861.5049
2015-09-16 00:00:00 UTC	11.33074636	253469362.6	180456.0916
2015-09-17 00:00:00 UTC	11.20641456	250850547.1	164189.2142
2015-09-18 00:00:00 UTC	11.63597922	260613935.6	249492.9442
2015-09-19 00:00:00 UTC	11.75402656	263365420.8	109265.2651
2015-09-20 00:00:00 UTC	11.04648321	247610787.3	165870.8083
2015-09-21 00:00:00 UTC	10.8185375	242643027.4	155421.4185
2015-09-22 00:00:00 UTC	10.81432839	242654063.2	138447.7426
2015-09-23 00:00:00 UTC	11.40704861	256127025.2	208539.0923
2015-09-24 00:00:00 UTC	12.34321748	277299638.2	162004.3076
2015-09-25 00:00:00 UTC	11.36316798	255419585.3	187096.1084
2015-09-26 00:00:00 UTC	11.99562193	269815124.9	237328.4711
2015-09-27 00:00:00 UTC	10.72013896	241542955.1	206487.5577
2015-09-28 00:00:00 UTC	11.19137308	252657557.7	202688.0092
2015-09-29 00:00:00 UTC	10.97265204	248240342	242966.5564
2015-09-30 00:00:00 UTC	10.66014076	241657395.9	568077.5709
2015-10-01 00:00:00 UTC	10.79103419	245118341.6	486153.4028
2015-10-02 00:00:00 UTC	10.22163406	232651035.3	269353.8599
2015-10-03 00:00:00 UTC	9.715379501	221566030.3	364046.2499
2015-10-04 00:00:00 UTC	9.233426619	211002265.1	274982.9775
2015-10-05 00:00:00 UTC	9.663959408	221272296.2	273715.1665
2015-10-06 00:00:00 UTC	9.970283609	228742234.7	293077.3504
2015-10-07 00:00:00 UTC	9.846464015	226094999	624109.0786
2015-10-08 00:00:00 UTC	9.47821853	217639327.8	314851.2817
2015-10-09 00:00:00 UTC	9.352072841	214742764.2	395591.1466
2015-10-10 00:00:00 UTC	8.580538516	198218591.2	313558.5897
2015-10-11 00:00:00 UTC	7.69288854	177713033.5	318229.8158
2015-10-12 00:00:00 UTC	7.774762799	179604406.7	408145.4621
2015-10-13 00:00:00 UTC	7.710899165	178129096.1	211061.2017
2015-10-14 00:00:00 UTC	8.339382136	194311356.5	385968.3641
2015-10-15 00:00:00 UTC	8.237981592	192383231.7	221484.6682
2015-10-16 00:00:00 UTC	8.074281881	188934158.9	154750.0986
2015-10-17 00:00:00 UTC	7.902911556	185272302.2	282392.1568
2015-10-18 00:00:00 UTC	8.295065672	194859802.5	279990.5594
2015-10-19 00:00:00 UTC	8.816646539	207505066.3	437667.3606
2015-10-20 00:00:00 UTC	8.25202686	194594758.8	304073.6812
2015-10-21 00:00:00 UTC	8.862976629	209409980.3	229492.0621
2015-10-22 00:00:00 UTC	9.060278062	214479885.4	350772.7813
2015-10-23 00:00:00 UTC	8.666538512	205562927	261006.3357
2015-10-24 00:00:00 UTC	8.416687772	200018797.4	283475.6256
2015-10-25 00:00:00 UTC	8.524547561	202972887.2	282662.7674
2015-10-26 00:00:00 UTC	8.494958132	202654022.2	293365.7659
2015-10-27 00:00:00 UTC	8.383722456	200369290	238539.6846
2015-10-28 00:00:00 UTC	8.25629104	197708035	213113.8669
2015-10-29 00:00:00 UTC	7.955034672	190860373.9	402472.5999
2015-10-30 00:00:00 UTC	8.203872221	197206321.2	311832.0082
2015-10-31 00:00:00 UTC	7.703854677	185533087.8	270609.0843
2015-11-01 00:00:00 UTC	8.331997118	201043591.7	257819.2026
2015-11-02 00:00:00 UTC	7.887255298	190647580.2	254539.3418
2015-11-03 00:00:00 UTC	7.810628263	189178493.4	234382.739
2015-11-04 00:00:00 UTC	8.810940986	213807175.1	441075.7255
2015-11-05 00:00:00 UTC	8.100592569	196936341.2	292447.1495
2015-11-06 00:00:00 UTC	7.759943277	189009714.4	398711.9853
2015-11-07 00:00:00 UTC	8.054518593	196543543.6	369235.9536
2015-11-08 00:00:00 UTC	8.968842293	219276983	379982.1594
2015-11-09 00:00:00 UTC	9.259166556	226800044.1	449806.5704
2015-11-10 00:00:00 UTC	8.135901487	199658683.6	286191.3339
2015-11-11 00:00:00 UTC	8.553436867	210296509.5	363863.2227
2015-11-12 00:00:00 UTC	8.67682852	213722000.2	278737.1532
2015-11-13 00:00:00 UTC	8.743055237	215753248.4	295677.4411
2015-11-14 00:00:00 UTC	8.601686613	212653046.9	283581.4968
2015-11-15 00:00:00 UTC	8.424795437	208674600.7	338572.0581
2015-11-16 00:00:00 UTC	8.747418498	216910173.9	350394.6628
2015-11-17 00:00:00 UTC	8.745500574	217410957.9	324937.2322
2015-11-18 00:00:00 UTC	8.777088895	218598226.3	307263.0591
2015-11-19 00:00:00 UTC	8.989820989	224301877.1	321103.6022
2015-11-20 00:00:00 UTC	8.534764389	213352466.9	348128.2319
2015-11-21 00:00:00 UTC	8.593827852	215217379.4	261082.8102
2015-11-22 00:00:00 UTC	8.641810382	216805738.9	248437.3043
2015-11-23 00:00:00 UTC	8.297076198	208552818.2	326709.0517
2015-11-24 00:00:00 UTC	8.88070586	223615729.5	374321.729
2015-11-25 00:00:00 UTC	8.570496964	216202356.1	288192.0557
2015-11-26 00:00:00 UTC	8.700429843	219872912.8	426146.7212
2015-11-27 00:00:00 UTC	8.243968899	208713797.2	283041.0218
2015-11-28 00:00:00 UTC	8.522414982	216158698.5	314428.5757
2015-11-29 00:00:00 UTC	8.175250653	207723308.8	308754.1178
2015-11-30 00:00:00 UTC	7.98281253	203198900.7	234508.4487
2015-12-01 00:00:00 UTC	7.93726977	202401966.6	371850.1294
2015-12-02 00:00:00 UTC	7.978798818	203831580.8	320448.5275
2015-12-03 00:00:00 UTC	7.919808615	202684534	322279.7886
2015-12-04 00:00:00 UTC	7.917731126	202988852.3	348433.0744
2015-12-05 00:00:00 UTC	7.819561111	200836043.7	289704.7209
2015-12-06 00:00:00 UTC	7.603475773	195634010.1	330854.2227
2015-12-07 00:00:00 UTC	7.436175098	191664810.5	298011.7338
2015-12-08 00:00:00 UTC	7.36620903	190202883.4	292556.6541
2015-12-09 00:00:00 UTC	7.668323406	198356138.1	399505.6849
2015-12-10 00:00:00 UTC	6.85402472	177596348	273501.4234
2015-12-11 00:00:00 UTC	6.882400743	178653702.6	302486.3272
2015-12-12 00:00:00 UTC	6.990087318	181717106	207384.3525
2015-12-13 00:00:00 UTC	6.98910314	182061244.4	229899.3067
2015-12-14 00:00:00 UTC	6.759229816	176380750.2	272595.9341
2015-12-15 00:00:00 UTC	7.210188352	188479731.2	374776.8319
2015-12-16 00:00:00 UTC	7.357779765	192669349.4	262488.2208
2015-12-17 00:00:00 UTC	7.354347714	192928074.4	311041.6678
2015-12-18 00:00:00 UTC	7.512098358	197411935.2	324648.8409
2015-12-19 00:00:00 UTC	7.335529614	193101948.7	270128.9161
2015-12-20 00:00:00 UTC	7.133716874	188112190.4	262573.713
2015-12-21 00:00:00 UTC	7.128054354	188296109.4	270035.7776
2015-12-22 00:00:00 UTC	7.278543061	192602259	305988.3502
2015-12-23 00:00:00 UTC	7.392714989	195955739.1	319137.5192
2015-12-24 00:00:00 UTC	7.378341958	195912687	373307.514
2015-12-25 00:00:00 UTC	7.582326884	201686483.1	310588.6561
2015-12-26 00:00:00 UTC	7.315935631	194927617.9	297461.8742
2015-12-27 00:00:00 UTC	7.309354973	195096186.4	256311.0942
2015-12-28 00:00:00 UTC	7.333821921	196079263	365156.4399
2015-12-29 00:00:00 UTC	7.303084805	195591947.6	258099.0648
2015-12-30 00:00:00 UTC	7.403348061	198615911.3	292612.8732
2015-12-31 00:00:00 UTC	7.068549683	189948894.5	393824.0274
2016-01-01 00:00:00 UTC	6.873696343	185040592.9	330460.2933
2016-01-02 00:00:00 UTC	7.328546226	197623776.1	412563.8624
2016-01-03 00:00:00 UTC	6.951964389	187781248.1	480770.2869
2016-01-04 00:00:00 UTC	8.10458995	219290753	460564.6151
2016-01-05 00:00:00 UTC	8.000456249	216835165.6	420008.0456
2016-01-06 00:00:00 UTC	8.912008523	241919590.6	349645.4459
2016-01-07 00:00:00 UTC	9.175798609	249080264.8	371646.4151
2016-01-08 00:00:00 UTC	7.609669624	207290444.4	478180.7468
2016-01-09 00:00:00 UTC	7.900617815	215582578.2	309561.9038
2016-01-10 00:00:00 UTC	8.027063462	219398909.4	403923.3635
2016-01-11 00:00:00 UTC	7.722306647	211416678	407909.3142
2016-01-12 00:00:00 UTC	8.210901407	225163854.4	386873.8851
2016-01-13 00:00:00 UTC	8.093874989	222328223.9	326964.6604
2016-01-14 00:00:00 UTC	7.837244407	215643347.3	321709.5713
2016-01-15 00:00:00 UTC	7.663480047	210902802.6	402417.5117
2016-01-16 00:00:00 UTC	7.37394597	203567733.3	314212.7761
2016-01-17 00:00:00 UTC	7.731573062	213440512	306120.1386
2016-01-18 00:00:00 UTC	7.599468522	210489319.2	322894.374
2016-01-19 00:00:00 UTC	7.242954012	200951775.4	273923.1514
2016-01-20 00:00:00 UTC	7.405951475	205805837	279706.4039
2016-01-21 00:00:00 UTC	7.193666041	200242528.2	312245.1826
2016-01-22 00:00:00 UTC	7.029656037	195999463.7	270024.6897
2016-01-23 00:00:00 UTC	6.977678102	194647563.9	275088.6717
2016-01-24 00:00:00 UTC	7.08502463	198187268.5	161122.2356
2016-01-25 00:00:00 UTC	7.061464614	197815632.8	438453.0976
2016-01-26 00:00:00 UTC	7.115610707	199599284.4	328160.5002
2016-01-27 00:00:00 UTC	7.012900657	196718175	284727.9935
2016-01-28 00:00:00 UTC	7.253880014	204240971	242408.0148
2016-01-29 00:00:00 UTC	7.158345454	201876079.3	241902.6651
2016-01-30 00:00:00 UTC	7.278656108	205612572.8	226090.8342
2016-01-31 00:00:00 UTC	7.108391549	201127673.9	236856.3858
2016-02-01 00:00:00 UTC	7.192271142	203830762.2	187928.2798
2016-02-02 00:00:00 UTC	7.043529246	199931986.4	342930.8246
2016-02-03 00:00:00 UTC	6.846945472	194671326.6	255398.9884
2016-02-04 00:00:00 UTC	6.992959114	199142692.5	225705.2025
2016-02-05 00:00:00 UTC	6.957878052	198460947.3	307566.3336
2016-02-06 00:00:00 UTC	6.901125239	197156521.7	250980.4471
2016-02-07 00:00:00 UTC	7.026207884	201055992.5	306068.08
2016-02-08 00:00:00 UTC	6.923233521	198425065.2	300696.7395
2016-02-09 00:00:00 UTC	6.919422725	198629986.7	472399.4759
2016-02-10 00:00:00 UTC	6.828632554	196339574.7	282238.6498
2016-02-11 00:00:00 UTC	6.739983507	194086587.1	256046.4908
2016-02-12 00:00:00 UTC	6.913678942	199414352.9	341081.4766
2016-02-13 00:00:00 UTC	6.427015525	185671658.3	237781.5644
2016-02-14 00:00:00 UTC	6.556141819	189699013.3	278494.5788
2016-02-15 00:00:00 UTC	6.347505075	183944666.9	193440.2532
2016-02-16 00:00:00 UTC	6.57438795	190828184.6	466055.4587
2016-02-17 00:00:00 UTC	6.702268527	194850361.3	224158.2363
2016-02-18 00:00:00 UTC	6.480181968	188690262.6	239982.9274
2016-02-19 00:00:00 UTC	6.731403713	196308936.2	260422.3427
2016-02-20 00:00:00 UTC	6.51335526	190252827.5	293224.9075
2016-02-21 00:00:00 UTC	3.960147929	115855315.7	0.071104456
2016-02-22 00:00:00 UTC	6.437494918	188626004.2	281036.8648
2016-02-23 00:00:00 UTC	6.416846424	188312946.1	376669.0612
2016-02-24 00:00:00 UTC	6.57604557	193292995.5	262916.1675
2016-02-25 00:00:00 UTC	7.132498249	209975399.1	388275.806
2016-02-26 00:00:00 UTC	7.183025615	211787200.4	351821.6174
2016-02-27 00:00:00 UTC	7.020915605	207333254.5	259024.8665
2016-02-28 00:00:00 UTC	6.937269693	205179463.3	223378.2025
2016-02-29 00:00:00 UTC	7.035170356	208391595.2	449372.9318
2016-03-01 00:00:00 UTC	7.232717153	214529623.5	319111.7519
2016-03-02 00:00:00 UTC	7.676950864	228101402.5	367702.1575
2016-03-03 00:00:00 UTC	7.881255967	234536326	346283.3235
2016-03-04 00:00:00 UTC	7.415386269	221007430.8	265835.2385
2016-03-05 00:00:00 UTC	7.226048018	215698617.3	285568.0691
2016-03-06 00:00:00 UTC	7.146571522	213656046.2	203634.4061
2016-03-07 00:00:00 UTC	7.282124763	218039195	513635.7279
2016-03-08 00:00:00 UTC	7.301465781	218947959.2	288589.5615
2016-03-09 00:00:00 UTC	7.734940133	232303843.8	377745.4674
2016-03-10 00:00:00 UTC	7.295857796	219454660.2	384408.8465
2016-03-11 00:00:00 UTC	7.393013009	222710450.7	319252.7463
2016-03-12 00:00:00 UTC	7.347027388	221661285.7	184255.6357
2016-03-13 00:00:00 UTC	7.311553406	220925532.1	186757.929
2016-03-14 00:00:00 UTC	7.290051035	220611524.4	409166.975
2016-03-15 00:00:00 UTC	7.16657441	217198803.9	234073.0847
2016-03-16 00:00:00 UTC	7.076261994	214790026.1	322760.675
2016-03-17 00:00:00 UTC	7.190506759	218587091.2	252463.7302
2016-03-18 00:00:00 UTC	7.071161469	215283985.8	284561.2874
2016-03-19 00:00:00 UTC	7.025486029	214212338.1	324467.2862
2016-03-20 00:00:00 UTC	7.028756683	214630816.9	177675.7761
2016-03-21 00:00:00 UTC	6.832199745	208946090.3	443922.0408
2016-03-22 00:00:00 UTC	7.032654391	215394732.1	429350.3952
2016-03-23 00:00:00 UTC	6.994189761	214536979	191155.9199
2016-03-24 00:00:00 UTC	7.153528201	219753167.2	396335.4768
2016-03-25 00:00:00 UTC	7.216468711	222016824.8	327723.6629
2016-03-26 00:00:00 UTC	7.350945676	226493662.7	285391.2715
2016-03-27 00:00:00 UTC	7.016439219	216507668.3	378584.2126
2016-03-28 00:00:00 UTC	7.151732701	221006777.4	239520.536
2016-03-29 00:00:00 UTC	7.162248457	221659772	403316.271
2016-03-30 00:00:00 UTC	7.90157885	244907856.1	555786.177
2016-03-31 00:00:00 UTC	7.718287604	239581050	419171.6925
2016-04-01 00:00:00 UTC	7.462933625	231997232.4	343693.1592
2016-04-02 00:00:00 UTC	7.427184954	231226464.2	206645.6016
2016-04-03 00:00:00 UTC	7.340359079	228716046.4	185548.5506
2016-04-04 00:00:00 UTC	7.469176599	233213088.6	316819.1379
2016-04-05 00:00:00 UTC	7.360376057	230157855.3	455059.4428
2016-04-06 00:00:00 UTC	7.48371569	234353305.2	428253.5571
2016-04-07 00:00:00 UTC	7.168557144	224812045.3	325892.5787
2016-04-08 00:00:00 UTC	7.272366052	228406109.6	261588.6653
2016-04-09 00:00:00 UTC	7.17452889	225444145.1	298936.1724
2016-04-10 00:00:00 UTC	7.25012782	228362351	270326.6319
2016-04-11 00:00:00 UTC	7.315209531	230748409.1	292761.4238
2016-04-12 00:00:00 UTC	7.174756463	226650556.7	315545.4723
2016-04-13 00:00:00 UTC	7.101478531	224659534.2	296495.2854
2016-04-14 00:00:00 UTC	6.950739272	220210193.8	307163.0104
2016-04-15 00:00:00 UTC	6.932925935	219962674.4	207194.6912
2016-04-16 00:00:00 UTC	6.913211017	219654836.3	280909.4814
2016-04-17 00:00:00 UTC	6.918304696	220128348.4	365189.0249
2016-04-18 00:00:00 UTC	7.127466414	227114222.7	376082.4281
2016-04-19 00:00:00 UTC	7.093954981	226373069.2	255327.282
2016-04-20 00:00:00 UTC	7.051889067	225358981.9	194682.7769
2016-04-21 00:00:00 UTC	6.874600065	219998545.2	267268.7464
2016-04-22 00:00:00 UTC	6.89599375	221007290.1	129877.6622
2016-04-23 00:00:00 UTC	7.012295987	225054380.5	149060.136
2016-04-24 00:00:00 UTC	6.828294626	219461047.9	192386.5544
2016-04-25 00:00:00 UTC	6.785298801	218185354.1	199213.8208
2016-04-26 00:00:00 UTC	6.797073716	219079541.6	180974.6612
2016-04-27 00:00:00 UTC	6.669821326	215284490.9	399392.0687
2016-04-28 00:00:00 UTC	6.750243818	218189143.4	256009.6514
2016-04-29 00:00:00 UTC	6.634555515	214759566.8	234196.5334
2016-04-30 00:00:00 UTC	6.649236781	215532683	308536.1033
2016-05-01 00:00:00 UTC	6.587382904	213833036.4	260447.0384
2016-05-02 00:00:00 UTC	6.461492511	210038244.8	227473.8891
2016-05-03 00:00:00 UTC	6.497912855	211522983.3	177587.0937
2016-05-04 00:00:00 UTC	6.345114892	206839324.3	160898.6377
2016-05-05 00:00:00 UTC	6.594525228	215271681.5	249136.0216
2016-05-06 00:00:00 UTC	6.284228102	205426389.3	192339.9908
2016-05-07 00:00:00 UTC	5.725904574	187437199.9	181100.7488
2016-05-08 00:00:00 UTC	4.885804022	160157144.4	249812.2487
2016-05-09 00:00:00 UTC	5.099410974	167393264.6	220046.0093
2016-05-10 00:00:00 UTC	5.103408954	167762066	239939.8354
2016-05-11 00:00:00 UTC	4.824946231	158831440	425032.9898
2016-05-12 00:00:00 UTC	4.49068853	148032403.9	131993.744
2016-05-13 00:00:00 UTC	4.806989996	158676095.9	167846.1388
2016-05-14 00:00:00 UTC	4.755434609	157192317.6	161721.2037
2016-05-15 00:00:00 UTC	4.758393001	157507328.8	190866.5284
2016-05-16 00:00:00 UTC	5.606056723	185821719.8	397405.7611
2016-05-17 00:00:00 UTC	5.22830855	173542984.3	150145.9484
2016-05-18 00:00:00 UTC	5.462313174	181558550.2	216598.6398
2016-05-19 00:00:00 UTC	5.221942379	173807913.4	172367.1636
2016-05-20 00:00:00 UTC	4.881313103	162693677.6	179078.2011
2016-05-21 00:00:00 UTC	5.033017488	167978216.9	218099.0002
2016-05-22 00:00:00 UTC	4.926344557	164646070.9	85768.11497
2016-05-23 00:00:00 UTC	4.858191959	162590567.7	155731.0565
2016-05-24 00:00:00 UTC	4.578175821	153396816.9	143894.042
2016-05-25 00:00:00 UTC	4.619290569	155018772.2	200535.3868
2016-05-26 00:00:00 UTC	4.642049208	155993974.7	124061.8779
2016-05-27 00:00:00 UTC	4.046623255	136170491.2	136372.7007
2016-05-28 00:00:00 UTC	4.019725302	135444644.1	161799.7037
2016-05-29 00:00:00 UTC	3.993799002	134609198.2	141915.7807
2016-05-30 00:00:00 UTC	4.192651652	141660475.5	132986.3251
2016-05-31 00:00:00 UTC	4.712281251	159434617	385269.5434
2016-06-01 00:00:00 UTC	5.69938564	193092620.8	392038.8394
2016-06-02 00:00:00 UTC	4.990800112	169317635.1	135387.1606
2016-06-03 00:00:00 UTC	5.232587386	177760935.4	165940.8583
2016-06-04 00:00:00 UTC	5.376301484	182884572.3	156005.6884
2016-06-05 00:00:00 UTC	5.633623206	191895008.8	129587.4547
2016-06-06 00:00:00 UTC	6.012416807	205077524.9	168144.7766
2016-06-07 00:00:00 UTC	5.661519456	193369480.1	159565.4463
2016-06-08 00:00:00 UTC	6.044093652	206713140.4	136598.9372
2016-06-09 00:00:00 UTC	6.353618586	217589834.3	228979.0031
2016-06-10 00:00:00 UTC	6.876154606	235797437.6	300867.2165
2016-06-11 00:00:00 UTC	6.713359583	230515956.7	152004.3955
2016-06-12 00:00:00 UTC	6.145367028	211298920	229670.0488
2016-06-13 00:00:00 UTC	6.468290337	222702912.9	219526.9775
2016-06-14 00:00:00 UTC	6.331092052	218269463.4	230380.0868
2016-06-15 00:00:00 UTC	6.315757697	218030060.9	198243.6202
2016-06-16 00:00:00 UTC	6.291301008	217473289.3	165102.9569
2016-06-17 00:00:00 UTC	6.140169102	212531208.2	197557.1087
2016-06-18 00:00:00 UTC	6.00362257	208075952.5	97319.01013
2016-06-19 00:00:00 UTC	6.022263768	208996039.6	143289.0794
2016-06-20 00:00:00 UTC	5.658549281	196634587.5	116718.6177
2016-06-21 00:00:00 UTC	5.5255359	192269862.5	236850.5289
2016-06-22 00:00:00 UTC	5.369175651	187070133.4	156968.6092
2016-06-23 00:00:00 UTC	5.14449278	179480806.9	133794.9874
2016-06-24 00:00:00 UTC	5.264353129	183904385.8	158065.8085
2016-06-25 00:00:00 UTC	5.202088867	181966987.7	136140.9852
2016-06-26 00:00:00 UTC	5.242057173	183602004.1	165399.8407
2016-06-27 00:00:00 UTC	5.218123565	183007681.5	177262.4754
2016-06-28 00:00:00 UTC	5.166125709	181418319.9	147107.7008
2016-06-29 00:00:00 UTC	5.372115142	188893775.4	215476.0355
2016-06-30 00:00:00 UTC	5.679028581	199943830.8	227786.3619
2016-07-01 00:00:00 UTC	5.331543503	187961167	140233.9505
2016-07-02 00:00:00 UTC	5.21738884	184059826.1	164883.6349
2016-07-03 00:00:00 UTC	5.524396879	195263398.5	220550.3322
2016-07-04 00:00:00 UTC	5.241041781	185491474.8	194870.905
2016-07-05 00:00:00 UTC	5.239783066	185686646.3	105940.9587
2016-07-06 00:00:00 UTC	5.291296238	187755826.6	124750.0722
2016-07-07 00:00:00 UTC	5.686440007	202036938.9	235476.758
2016-07-08 00:00:00 UTC	5.360980941	190716360.9	128669.1181
2016-07-09 00:00:00 UTC	5.298372463	188735179.9	127475.5292
2016-07-10 00:00:00 UTC	5.251779306	187313111.8	139322.6244
2016-07-11 00:00:00 UTC	5.328202683	190288233.7	144651.6522
2016-07-12 00:00:00 UTC	5.388304216	192676329.2	138879.2834
2016-07-13 00:00:00 UTC	5.224322432	187055558.6	110169.3513
2016-07-14 00:00:00 UTC	5.338585728	191387497.6	101880.8237
2016-07-15 00:00:00 UTC	5.371749031	192822423.1	102513.7075
2016-07-16 00:00:00 UTC	5.325081122	191391935.6	137876.3795
2016-07-17 00:00:00 UTC	5.300432673	190752501.1	127482.8738
2016-07-18 00:00:00 UTC	5.21144686	187785367.6	108074.0002
2016-07-19 00:00:00 UTC	5.418115697	195484530.7	255580.1689
2016-07-20 00:00:00 UTC	5.35330951	193269194.9	238715.5945
2016-07-21 00:00:00 UTC	5.255720111	190102812.6	101693.4397
2016-07-22 00:00:00 UTC	5.252456726	190225861.7	153854.0316
2016-07-23 00:00:00 UTC	5.282699265	191565202.8	154739.8907
2016-07-24 00:00:00 UTC	5.148459147	186934630.9	216402.4622
2016-07-25 00:00:00 UTC	4.746021183	172536142.2	121941.0761
2016-07-26 00:00:00 UTC	4.5431067	165371582.6	115671.9952
2016-07-27 00:00:00 UTC	4.336434951	158045925.1	259197.1432
2016-07-28 00:00:00 UTC	4.573491567	166897226.3	105905.2409
2016-07-29 00:00:00 UTC	4.65063863	169924336.7	105310.2992
2016-07-30 00:00:00 UTC	4.772704017	174603887.9	136502.3823
2016-07-31 00:00:00 UTC	4.903067141	179595181.8	184082.2498
2016-08-01 00:00:00 UTC	4.630563581	169827308.5	87103.69735
2016-08-02 00:00:00 UTC	4.743352569	174182784.2	215636.1465
2016-08-03 00:00:00 UTC	4.819003865	177180074.2	160548.2658
2016-08-04 00:00:00 UTC	4.708175982	173318080.5	118548.1253
2016-08-05 00:00:00 UTC	4.861274152	179180731.7	122221.8945
2016-08-06 00:00:00 UTC	4.630574101	170885780.5	100121.0823
2016-08-07 00:00:00 UTC	4.771158862	176293842.8	92563.94015
2016-08-08 00:00:00 UTC	4.600142899	170187116.7	130330.4624
2016-08-09 00:00:00 UTC	4.751147588	175988208	145519.6687
2016-08-10 00:00:00 UTC	4.708139568	174613126.2	126356.1661
2016-08-11 00:00:00 UTC	4.688588754	174100897.3	134258.2185
2016-08-12 00:00:00 UTC	4.656982387	173142646.7	133353.167
2016-08-13 00:00:00 UTC	4.649013566	173059762.5	117500.5674
2016-08-14 00:00:00 UTC	4.427742941	165022422.2	108935.1103
2016-08-15 00:00:00 UTC	4.410033688	164565478.6	101278.6937
2016-08-16 00:00:00 UTC	4.283624143	160046907.1	94806.91965
2016-08-17 00:00:00 UTC	4.252338435	159071688.8	90487.49016
2016-08-18 00:00:00 UTC	3.834477464	143615752	72405.3815
2016-08-19 00:00:00 UTC	3.936546475	147616556.3	77620.37126
2016-08-20 00:00:00 UTC	3.963604397	148812139.8	74700.97006
2016-08-21 00:00:00 UTC	3.930440375	147747808.5	65899.48659
2016-08-22 00:00:00 UTC	3.962291609	149124410.8	79695.09654
2016-08-23 00:00:00 UTC	4.040114816	152242030.6	94738.0608
2016-08-24 00:00:00 UTC	4.014121955	151442384.6	88460.65914
2016-08-25 00:00:00 UTC	4.099327823	154845754.6	122342.4703
2016-08-26 00:00:00 UTC	4.265421135	161315241.5	137315.3638
2016-08-27 00:00:00 UTC	4.299806323	162811951.4	92879.48167
2016-08-28 00:00:00 UTC	4.1862265	158702149	96483.95789
2016-08-29 00:00:00 UTC	4.364846346	165674726.8	115253.8657
2016-08-30 00:00:00 UTC	4.363597959	165824358.7	122814.8956
2016-08-31 00:00:00 UTC	4.190447191	159438344.2	82975.91862
2016-09-01 00:00:00 UTC	4.097453696	156084713.4	66658.6717
2016-09-02 00:00:00 UTC	4.072086281	155305909.5	98149.68022
2016-09-03 00:00:00 UTC	4.127798086	157618318.8	120223.0052
2016-09-04 00:00:00 UTC	4.211775925	161020405.4	271664.5772
2016-09-05 00:00:00 UTC	4.152153574	158931567.1	165052.8281
2016-09-06 00:00:00 UTC	4.039737783	154810023.4	92289.61004
2016-09-07 00:00:00 UTC	4.12829582	158393009.1	117428.6842
2016-09-08 00:00:00 UTC	4.256244778	163495556.3	86519.81675
2016-09-09 00:00:00 UTC	4.113102051	158188259.6	99217.18376
2016-09-10 00:00:00 UTC	4.20937086	162080141.2	172497.117
2016-09-11 00:00:00 UTC	4.145787033	159824235.9	88420.82825
2016-09-12 00:00:00 UTC	4.157250814	160408769.8	78296.68295
2016-09-13 00:00:00 UTC	4.194220057	161835239.2	72688.27027
2016-09-14 00:00:00 UTC	4.128809101	159730824.8	76732.91341
2016-09-15 00:00:00 UTC	4.109479416	159174110	107284.1838
2016-09-16 00:00:00 UTC	4.123314346	159898831.7	80162.49692
2016-09-17 00:00:00 UTC	4.035313715	156670853.2	88427.22354
2016-09-18 00:00:00 UTC	4.048501221	157367064.3	96937.1181
2016-09-19 00:00:00 UTC	3.867346969	150503608.3	95740.72119
2016-09-20 00:00:00 UTC	4.014805759	156425665	93752.25468
2016-09-21 00:00:00 UTC	3.992288307	155731381.9	82156.24143
2016-09-22 00:00:00 UTC	3.906596785	152566472.9	82249.09739
2016-09-23 00:00:00 UTC	3.828801764	149704808.9	117042.9058
2016-09-24 00:00:00 UTC	3.841650359	150382940	84372.57074
2016-09-25 00:00:00 UTC	3.636901343	142535255.3	93554.98783
2016-09-26 00:00:00 UTC	3.75025217	147145081.7	168213.0877
2016-09-27 00:00:00 UTC	3.75262738	147411646.9	81615.99283
2016-09-28 00:00:00 UTC	3.840408444	151035967.3	131506.9118
2016-09-29 00:00:00 UTC	3.852221925	151679119.6	94019.17459
2016-09-30 00:00:00 UTC	3.759542504	148202293.4	100889.648
2016-10-01 00:00:00 UTC	3.770880181	148819106.2	76166.09605
2016-10-02 00:00:00 UTC	3.57917339	141416182.9	83797.77641
2016-10-03 00:00:00 UTC	3.468865152	137218072.2	85214.59027
2016-10-04 00:00:00 UTC	3.261680367	129172490.7	105582.4223
2016-10-05 00:00:00 UTC	3.280475437	130064946.2	88473.30738
2016-10-06 00:00:00 UTC	3.290196487	130601881.9	70100.35737
2016-10-07 00:00:00 UTC	3.086505894	122657126.9	125029.5624
2016-10-08 00:00:00 UTC	2.937310378	116862949.5	97509.19265
2016-10-09 00:00:00 UTC	2.915673161	116136947.6	102226.0078
2016-10-10 00:00:00 UTC	2.981029424	118841570	59459.85306
2016-10-11 00:00:00 UTC	2.981116764	119017807.6	80092.80432
2016-10-12 00:00:00 UTC	3.210001435	128276151.3	116300.2377
2016-10-13 00:00:00 UTC	3.227482909	129150310.6	88700.70794
2016-10-14 00:00:00 UTC	3.266792044	130870792.8	103331.0619
2016-10-15 00:00:00 UTC	3.262018816	130830930.4	299874.9544
2016-10-16 00:00:00 UTC	3.36106539	134955346.1	380461.0552
2016-10-17 00:00:00 UTC	3.25194067	130725413.4	150070.3839
2016-10-18 00:00:00 UTC	3.151592618	126833323.6	147237.8957
2016-10-19 00:00:00 UTC	3.155859342	127152255.4	78425.33711
2016-10-20 00:00:00 UTC	3.134760658	126443392.4	138633.5724
2016-10-21 00:00:00 UTC	3.075633822	124198707.2	355782.32
2016-10-22 00:00:00 UTC	3.038204111	122829579.2	69770.41875
2016-10-23 00:00:00 UTC	3.14251374	127190258.2	51125.54283
2016-10-24 00:00:00 UTC	3.083289065	124928398	71731.87833
2016-10-25 00:00:00 UTC	3.190087089	129389294.3	227937.9723
2016-10-26 00:00:00 UTC	3.231303732	131145693.3	96652.79126
2016-10-27 00:00:00 UTC	3.119807827	126828611.6	107554.047
2016-10-28 00:00:00 UTC	3.128607214	127274400.8	107857.4021
2016-10-29 00:00:00 UTC	2.972951269	121134385.9	156527.4329
2016-10-30 00:00:00 UTC	2.916872585	118939563.3	75129.74678
2016-10-31 00:00:00 UTC	3.003926196	122606148.9	84856.15796
2016-11-01 00:00:00 UTC	3.076773311	125788800.1	144280.2587
2016-11-02 00:00:00 UTC	3.11116286	127335384.7	64251.20157
2016-11-03 00:00:00 UTC	3.044216537	124736620.4	233390.8934
2016-11-04 00:00:00 UTC	2.969755345	121822037	92388.40068
2016-11-05 00:00:00 UTC	2.980528772	122400779	69017.25471
2016-11-06 00:00:00 UTC	3.121526471	128334381.3	104454.7837
2016-11-07 00:00:00 UTC	3.056036091	125774832.6	88843.63324
2016-11-08 00:00:00 UTC	3.101209615	127759602.1	103358.1274
2016-11-09 00:00:00 UTC	2.979195071	122886136.2	63226.71429
2016-11-10 00:00:00 UTC	2.960948488	122270443.2	44665.34732
2016-11-11 00:00:00 UTC	2.820952291	116617885.6	59240.78913
2016-11-12 00:00:00 UTC	2.795258822	115685140.7	147080.4922
2016-11-13 00:00:00 UTC	2.827032935	117130335.3	49542.07128
2016-11-14 00:00:00 UTC	2.807129551	116432575.6	149415.1428
2016-11-15 00:00:00 UTC	2.788831086	115801330.4	134510.7084
2016-11-16 00:00:00 UTC	2.579968314	107249282.8	106341.0956
2016-11-17 00:00:00 UTC	2.5838429	107526622.3	104770.8697
2016-11-18 00:00:00 UTC	2.541679959	105888928.8	95793.58088
2016-11-19 00:00:00 UTC	2.65273901	110637520.6	70483.04563
2016-11-20 00:00:00 UTC	2.683043581	112025252.8	121245.7348
2016-11-21 00:00:00 UTC	2.675779917	111841580	187221.4921
2016-11-22 00:00:00 UTC	2.702239332	113073988.8	88428.74647
2016-11-23 00:00:00 UTC	2.661338651	111482145.4	90164.30368
2016-11-24 00:00:00 UTC	2.672889328	112090821.4	83507.23319
2016-11-25 00:00:00 UTC	2.7124123	113873171.3	74001.54944
2016-11-26 00:00:00 UTC	2.737788181	115062666.5	103930.3024
2016-11-27 00:00:00 UTC	2.753848316	115865414	104895.6493
2016-11-28 00:00:00 UTC	2.895255418	121947579.2	118486.2003
2016-11-29 00:00:00 UTC	3.018094191	127259903.3	86360.71202
2016-11-30 00:00:00 UTC	3.198454264	135009952.9	122845.0056
2016-12-01 00:00:00 UTC	3.094746892	130775338.3	113101.4813
2016-12-02 00:00:00 UTC	3.019822963	127746211.9	72689.23358
2016-12-03 00:00:00 UTC	2.929657563	124068068.2	49153.92106
2016-12-04 00:00:00 UTC	2.833303459	120115066.8	88363.64142
2016-12-05 00:00:00 UTC	2.879787059	122218306.8	133437.8716
2016-12-06 00:00:00 UTC	3.014715274	128084097.6	75517.85481
2016-12-07 00:00:00 UTC	3.099231575	131816517.4	104376.115
2016-12-08 00:00:00 UTC	2.980085381	126883691.3	79815.26222
2016-12-09 00:00:00 UTC	3.010259812	128307357.6	58000.59283
2016-12-10 00:00:00 UTC	2.933629972	125176817.5	20954.38944
2016-12-11 00:00:00 UTC	2.943619287	125738464	33871.15832
2016-12-12 00:00:00 UTC	2.912074719	124523809.5	143259.6516
2016-12-13 00:00:00 UTC	2.911721109	124640007.3	87668.50972
2016-12-14 00:00:00 UTC	2.981500667	127764161	31176.17926
2016-12-15 00:00:00 UTC	2.940313776	126133727.4	101245.033
2016-12-16 00:00:00 UTC	2.940580296	126283073.8	64640.34759
2016-12-17 00:00:00 UTC	2.949041391	126779289.4	87351.03828
2016-12-18 00:00:00 UTC	2.938495788	126462574	30995.39938
2016-12-19 00:00:00 UTC	2.936766908	126522966.6	116415.3149
2016-12-20 00:00:00 UTC	2.933856258	126531939.5	30827.73078
2016-12-21 00:00:00 UTC	2.870312921	123922603	66796.57917
2016-12-22 00:00:00 UTC	2.749825231	118847446.5	64034.69937
2016-12-23 00:00:00 UTC	2.819487951	121986978.8	27067.26679
2016-12-24 00:00:00 UTC	2.781728525	120481113.2	208824.8
2016-12-25 00:00:00 UTC	2.843106127	123269547.4	107553.3264
2016-12-26 00:00:00 UTC	2.79952526	121506815	84783.75646
2016-12-27 00:00:00 UTC	2.759332011	119890492.5	65489.08911
2016-12-28 00:00:00 UTC	2.769210383	120446251.8	23209.3273
2016-12-29 00:00:00 UTC	2.78615262	121307831.3	39398.29627
2016-12-30 00:00:00 UTC	2.682820916	116933834.9	92260.59373
2016-12-31 00:00:00 UTC	2.776698225	121150953.2	136986.4999
2017-01-01 00:00:00 UTC	2.691899451	117576649.6	69367.48534
2017-01-02 00:00:00 UTC	2.685079957	117399616.7	80492.52305
2017-01-03 00:00:00 UTC	2.878593261	125994587.7	84867.17513
2017-01-04 00:00:00 UTC	2.907503938	127391122	54348.67929
2017-01-05 00:00:00 UTC	2.781442911	121996172.2	188291.5261
2017-01-06 00:00:00 UTC	2.711056943	119032072.8	108635.3115
2017-01-07 00:00:00 UTC	2.742230192	120529106.5	36586.76289
2017-01-08 00:00:00 UTC	2.74948044	120973427.6	107941.9586
2017-01-09 00:00:00 UTC	2.770618559	122029539.4	70432.93699
2017-01-10 00:00:00 UTC	2.715184883	119713859.1	118331.0737
2017-01-11 00:00:00 UTC	2.849738086	125777180.1	133500.3011
2017-01-12 00:00:00 UTC	2.76645792	122226260.6	83931.32183
2017-01-13 00:00:00 UTC	2.836502571	125450850.2	89531.82594
2017-01-14 00:00:00 UTC	2.85612649	126449573.7	80269.67289
2017-01-15 00:00:00 UTC	2.88162449	127711148	93839.16026
2017-01-16 00:00:00 UTC	2.833633479	125714007.6	72738.05391
2017-01-17 00:00:00 UTC	2.82965317	125668717.3	94242.69662
2017-01-18 00:00:00 UTC	2.868273554	127512973	83212.65084
2017-01-19 00:00:00 UTC	2.926608337	130241094.9	67591.22905
2017-01-20 00:00:00 UTC	2.860068154	127405311	74096.78464
2017-01-21 00:00:00 UTC	2.879004498	128378553.3	85663.75047
2017-01-22 00:00:00 UTC	2.953489585	131829007.6	69195.90168
2017-01-23 00:00:00 UTC	2.820263948	126000086.3	60298.05002
2017-01-24 00:00:00 UTC	2.889258933	129213149.1	60436.04603
2017-01-25 00:00:00 UTC	2.900781521	129856385.6	60677.06966
2017-01-26 00:00:00 UTC	2.972385543	133196460.3	65848.64118
2017-01-27 00:00:00 UTC	2.977239881	133547072.1	41012.49502
2017-01-28 00:00:00 UTC	2.968439813	133286361.3	47798.30279
2017-01-29 00:00:00 UTC	2.876795137	129300290.4	58652.74633
2017-01-30 00:00:00 UTC	2.951867926	132804538	77819.11315
2017-01-31 00:00:00 UTC	3.001612332	135178812	42571.68748
2017-02-01 00:00:00 UTC	2.970448984	133913335.6	50073.35662
2017-02-02 00:00:00 UTC	2.916457516	131610395	55023.28105
2017-02-03 00:00:00 UTC	2.896988617	130862769.8	96932.41891
2017-02-04 00:00:00 UTC	2.860031443	129323328.8	74265.60081
2017-02-05 00:00:00 UTC	2.832043585	128183531.9	35436.06865
2017-02-06 00:00:00 UTC	2.820046608	127767992.7	42521.31622
2017-02-07 00:00:00 UTC	2.9176896	132265872	47178.62085
2017-02-08 00:00:00 UTC	2.946654904	133763841.4	99634.67299
2017-02-09 00:00:00 UTC	3.389759717	154031190	343889.4801
2017-02-10 00:00:00 UTC	3.392290441	154302062.2	69634.31783
2017-02-11 00:00:00 UTC	3.367471502	153324176.6	63758.41787
2017-02-12 00:00:00 UTC	3.304461512	150603972.6	91476.7761
2017-02-13 00:00:00 UTC	3.214737526	146662112.4	49562.24957
2017-02-14 00:00:00 UTC	3.131027647	142983387.2	67954.42831
2017-02-15 00:00:00 UTC	3.173965317	145088143.9	58241.24303
2017-02-16 00:00:00 UTC	3.119075144	142722328.5	67167.1484
2017-02-17 00:00:00 UTC	3.182738679	145779298	66758.87985
2017-02-18 00:00:00 UTC	3.229098	148048815.3	83099.95637
2017-02-19 00:00:00 UTC	3.12754717	143531427.6	64991.2858
2017-02-20 00:00:00 UTC	3.195962155	146769927.8	91606.30762
2017-02-21 00:00:00 UTC	3.282331965	150736336.1	59170.56527
2017-02-22 00:00:00 UTC	3.206266092	147243121.2	79723.41688
2017-02-23 00:00:00 UTC	3.287677448	150981819.6	158396.4431
2017-02-24 00:00:00 UTC	3.28795739	151618236.7	120651.7432
2017-02-25 00:00:00 UTC	3.400267111	156952759.5	98945.35277
2017-02-26 00:00:00 UTC	3.316798669	153250194.9	105025.3326
2017-02-27 00:00:00 UTC	3.349600834	154917363.8	160949.0775
2017-02-28 00:00:00 UTC	3.374264211	156213080.1	125205.7235
2017-03-01 00:00:00 UTC	3.721786643	172467593	137247.7761
2017-03-02 00:00:00 UTC	5.117334426	237373186.4	308839.7513
2017-03-03 00:00:00 UTC	5.484997611	254676940.8	235727.4492
2017-03-04 00:00:00 UTC	5.986034206	278213510.4	199353.455
2017-03-05 00:00:00 UTC	4.918026819	228795706	386379.6875
2017-03-06 00:00:00 UTC	4.812261072	224090636.4	137687.8711
2017-03-07 00:00:00 UTC	5.417227368	252504280.9	193211.8142
2017-03-08 00:00:00 UTC	4.839104307	225764782.1	201706.6853
2017-03-09 00:00:00 UTC	4.851646265	226559266.3	97671.64973
2017-03-10 00:00:00 UTC	4.230192344	197735899.4	101511.3546
2017-03-11 00:00:00 UTC	4.620519588	216190415.1	95870.43695
2017-03-12 00:00:00 UTC	4.657542352	218121091.9	101865.7907
2017-03-13 00:00:00 UTC	4.794458815	224750085.6	146017.5621
2017-03-14 00:00:00 UTC	4.719206864	221435096.4	1961.112364
2017-03-15 00:00:00 UTC	4.786662722	224730464.1	165304.5892
2017-03-16 00:00:00 UTC	4.689646229	220408917.6	241325.6731
2017-03-17 00:00:00 UTC	4.591608235	216065701.7	114834.6842
2017-03-18 00:00:00 UTC	4.553240996	214467895.7	179158.7982
2017-03-19 00:00:00 UTC	4.4600642	210267942.7	176374.0162
2017-03-20 00:00:00 UTC	4.41632649	208399380.9	201491.8643
2017-03-21 00:00:00 UTC	4.247148331	200611927.8	213956.3279
2017-03-22 00:00:00 UTC	4.727849521	223526815.5	256008.3255
2017-03-23 00:00:00 UTC	4.303360074	203651136.3	182603.5631
2017-03-24 00:00:00 UTC	4.430041779	209842219	202367.504
2017-03-25 00:00:00 UTC	4.582089914	217254523.9	208329.82
2017-03-26 00:00:00 UTC	4.470645788	212171260.8	191524.0716
2017-03-27 00:00:00 UTC	4.819696764	228953670.2	203617.3743
2017-03-28 00:00:00 UTC	4.892732338	232644774.6	553386.5331
2017-03-29 00:00:00 UTC	5.19873509	247427038.3	535581.483
2017-03-30 00:00:00 UTC	5.631231653	268265963.1	421553.56
2017-03-31 00:00:00 UTC	5.975714927	284946588.2	1351273.014
2017-04-01 00:00:00 UTC	6.365008335	303795801.1	296968.3765
2017-04-02 00:00:00 UTC	6.187170734		518098.9167
2017-04-03 00:00:00 UTC	5.910343315	282627593.5	750408.8294
2017-04-04 00:00:00 UTC	5.704644748	273050253.8	651835.3098
2017-04-05 00:00:00 UTC	5.983003241	286642394.6	284478.078
2017-04-06 00:00:00 UTC	6.743754406	323403486.3	472834.9991
2017-04-07 00:00:00 UTC	7.860285412	377303525.1	768094.5971
2017-04-08 00:00:00 UTC	6.810007243	327131636.9	1519795.477
2017-04-09 00:00:00 UTC	6.414141548	308268453.4	1324543.924
2017-04-10 00:00:00 UTC	7.611506452	366400033.6	2682361.207
2017-04-11 00:00:00 UTC	8.45662362	407473529.7	2714357.473
2017-04-12 00:00:00 UTC	10.84213581	522905367.8	8045950.933
2017-04-13 00:00:00 UTC	14.91085603	719824556.8	30457697.46
2017-04-14 00:00:00 UTC	12.87995042	622378524.5	10187303.61
2017-04-15 00:00:00 UTC	14.99900454	725461352.1	8180752.161
2017-04-16 00:00:00 UTC	14.7111735	712207629.2	5364471.68
2017-04-17 00:00:00 UTC	15.23288276	738169504	3882590.095
2017-04-18 00:00:00 UTC	20.04452019	972245420.8	9862962.203
2017-04-19 00:00:00 UTC	16.75549246	813476645.5	4661840.913
2017-04-20 00:00:00 UTC	15.77670499	766691855.2	7444920.897
2017-04-21 00:00:00 UTC	14.19754948	690592232.7	3411785.137
2017-04-22 00:00:00 UTC	14.29051096	695761392.4	2296466.716
2017-04-23 00:00:00 UTC	13.9581678	680231766.3	2090400.8
2017-04-24 00:00:00 UTC	13.42441504	654832226.2	2781581.472
2017-04-25 00:00:00 UTC	12.67986247	619096821.3	1174323.469
2017-04-26 00:00:00 UTC	15.74700371	769558433.4	3411487.835
2017-04-27 00:00:00 UTC	13.47213557	659009046.2	2906888.025
2017-04-28 00:00:00 UTC	13.26435083	649455114.2	1505927.719
2017-04-29 00:00:00 UTC	13.66747039	669816755.8	3835646.06
2017-04-30 00:00:00 UTC	13.91505976	682589341.4	2693023.692
2017-05-01 00:00:00 UTC	14.33453374	703788336.7	1528629.21
2017-05-02 00:00:00 UTC	15.17923458	745993350.1	2304945.84
2017-05-03 00:00:00 UTC	14.7767462	726873317.5	906076.745
2017-05-04 00:00:00 UTC	13.86184174	682515501.6	2133272.291
2017-05-05 00:00:00 UTC	12.83747613	632666768.5	2428657.741
2017-05-06 00:00:00 UTC	13.85541839	683466313.5	2260408.205
2017-05-07 00:00:00 UTC	13.67791425	675334022.3	1213407.216
2017-05-08 00:00:00 UTC	15.6017652	771036896	17462772.17
2017-05-09 00:00:00 UTC	16.04906696	793867899.7	12374813.12
2017-05-10 00:00:00 UTC	17.57478754	870140033.6	4922455.715
2017-05-11 00:00:00 UTC	17.94933101	889509612	2139745.6
2017-05-12 00:00:00 UTC	17.36319793	861266706.9	1903068.077
2017-05-13 00:00:00 UTC	17.99981451	893657490.7	2767971.16
2017-05-14 00:00:00 UTC	18.03763841	896370519.9	2209710.284
2017-05-15 00:00:00 UTC	21.63779485	1076274735	7398448.913
2017-05-16 00:00:00 UTC	21.85455897	1088052166	3937188.232
2017-05-17 00:00:00 UTC	26.12186334	1301706000	6122648.155
2017-05-18 00:00:00 UTC	37.33644537	1861987199	17439684.41
2017-05-19 00:00:00 UTC	36.22666873	1808201641	15487141.29
2017-05-20 00:00:00 UTC	33.49863072	1673894753	10153671.64
2017-05-21 00:00:00 UTC	32.31492936	1616211803	6995723.069
2017-05-22 00:00:00 UTC	28.02452023	1402931303	10602287.24
2017-05-23 00:00:00 UTC	34.72783021	1739664609	8167512.705
2017-05-24 00:00:00 UTC	36.76655472	1843585354	11081893.34
2017-05-25 00:00:00 UTC	32.47338902	1630097558	7780827.73
2017-05-26 00:00:00 UTC	26.60445982	1336701177	6825839.252
2017-05-27 00:00:00 UTC	27.71380249	1393699414	11976320.99
2017-05-28 00:00:00 UTC	27.96738995	1407724589	6028113.655
2017-05-29 00:00:00 UTC	29.07503564	1464806111	2483906.019
2017-05-30 00:00:00 UTC	27.97797074	1410829743	3383490.001
2017-05-31 00:00:00 UTC	28.74705192	1450914018	3957277.559
2017-06-01 00:00:00 UTC	31.27061333	1579717900	2743672.212
2017-06-02 00:00:00 UTC	29.72838841	1503171367	3082358.197
2017-06-03 00:00:00 UTC	28.81337871	1458223487	5814240.116
2017-06-04 00:00:00 UTC	29.7953676	1509260510	4712355.079
2017-06-05 00:00:00 UTC	31.87985143	1616313250	9427981.346
2017-06-06 00:00:00 UTC	33.73816007	1712080045	7420903.909
2017-06-07 00:00:00 UTC	40.415478	2052782958	34013143.01
2017-06-08 00:00:00 UTC	38.45429274	1954939334	15862516.15
2017-06-09 00:00:00 UTC	39.72736094	2021467170	13729552.2
2017-06-10 00:00:00 UTC	45.31977174	2308104251	24074556.7
2017-06-11 00:00:00 UTC	42.06715783	2144390197	18526212.27
2017-06-12 00:00:00 UTC	36.58644652	1866678917	12220765.26
2017-06-13 00:00:00 UTC	41.92326487	2140889079	12693983.51
2017-06-14 00:00:00 UTC	38.00283597	1942425654	13968528.16
2017-06-15 00:00:00 UTC	38.50981284	1970100409	7339399.022
2017-06-16 00:00:00 UTC	40.60079696	2078933358	14722371.69
2017-06-17 00:00:00 UTC	42.17966891	2161714359	5817398.706
2017-06-18 00:00:00 UTC	41.77861802	2143059278	10291115.47
2017-06-19 00:00:00 UTC	50.01412448	2567807674	29339962.03
2017-06-20 00:00:00 UTC	80.53979722	4138718695	167872360.5
2017-06-21 00:00:00 UTC	81.62561843	4198262677	148250486.6
2017-06-22 00:00:00 UTC	74.28334978	3824025135	50786881.28
2017-06-23 00:00:00 UTC	73.59446401	3791943719	33951320.98
2017-06-24 00:00:00 UTC	74.97317738	3866351763	67753709.36
2017-06-25 00:00:00 UTC	72.50547073	3742464129	44567386.34
2017-06-26 00:00:00 UTC	70.14636077	3623666300	29279719.81
2017-06-27 00:00:00 UTC	76.77776701	3969997904	32588424.71
2017-06-28 00:00:00 UTC	78.12090709	4043026459	16956107.73
2017-06-29 00:00:00 UTC	84.86860034	4395972839	27036054.82
2017-06-30 00:00:00 UTC	91.24304058	4730522812	32596909.99
2017-07-01 00:00:00 UTC	87.39443504	4534971520	91320300.81
2017-07-02 00:00:00 UTC	85.39283369	4435009177	89390831.76
2017-07-03 00:00:00 UTC	80.49557835	4184317129	19875545.65
2017-07-04 00:00:00 UTC	84.42575774	4392494881	24854880.05
2017-07-05 00:00:00 UTC	88.99351791	4634186156	20183478.36
2017-07-06 00:00:00 UTC	87.82191222	4577234154	27447251.69
2017-07-07 00:00:00 UTC	81.01246324	4226043499	26940566.03
2017-07-08 00:00:00 UTC	82.90270208	4328424688	13847206.03
2017-07-09 00:00:00 UTC	80.43161159	4203074511	12438926.18
2017-07-10 00:00:00 UTC	65.81411926	3442239682	31461354.54
2017-07-11 00:00:00 UTC	58.22058199	3047748492	28921212.28
2017-07-12 00:00:00 UTC	62.85961322	3293454003	17155808.92
2017-07-13 00:00:00 UTC	63.4635698	3328010561	15797516.44
2017-07-14 00:00:00 UTC	51.91900529	2724981973	12363305.62
2017-07-15 00:00:00 UTC	47.23981658	2481542995	15853131.31
2017-07-16 00:00:00 UTC	44.9279577	2361779620	18804648.2
2017-07-17 00:00:00 UTC	51.59133699	2713240004	11091010.78
2017-07-18 00:00:00 UTC	51.09065082	2688079670	8778890.024
2017-07-19 00:00:00 UTC	48.31854518	2543320311	6546207.406
2017-07-20 00:00:00 UTC	51.31564262	2701369605	9502528.548
2017-07-21 00:00:00 UTC	60.81646585	3201514079	18084839.52
2017-07-22 00:00:00 UTC	66.03606602	3480447369	8723228.387
2017-07-23 00:00:00 UTC	62.35095685	3287639694	8795760.826
2017-07-24 00:00:00 UTC	63.72344633	3361480297	8064012.639
2017-07-25 00:00:00 UTC	56.85570529	3000493041	9186674.718
2017-07-26 00:00:00 UTC	54.23630988	2863506317	5062223.092
2017-07-27 00:00:00 UTC	54.38596757	2872649131	7773164.241
2017-07-28 00:00:00 UTC	53.66598796	2835846311	11582621.78
2017-07-29 00:00:00 UTC	54.44488814	2878257595	4915718.955
2017-07-30 00:00:00 UTC	52.50816315	2777075361	3977166.859
2017-07-31 00:00:00 UTC	49.61895187	2625394565	5351572.557
2017-08-01 00:00:00 UTC	52.29884097	2768385541	5157213.666
2017-08-02 00:00:00 UTC	52.45609908	2777911082	10167031.63
2017-08-03 00:00:00 UTC	52.61218442	2787392215	6763044.15
2017-08-04 00:00:00 UTC	52.5081344	2783082084	5373783.872
2017-08-05 00:00:00 UTC	52.02807422	2758821153	9646509.725
2017-08-06 00:00:00 UTC	51.69737538	2742470803	5684528.975
2017-08-07 00:00:00 UTC	47.91252469	2542785961	15458095.17
2017-08-08 00:00:00 UTC	45.07202065	2393059499	9696196.107
2017-08-09 00:00:00 UTC	48.27242742	2564069632	7768976.472
2017-08-10 00:00:00 UTC	44.96753854	2389570501	15985652.65
2017-08-11 00:00:00 UTC	42.76543185	2273526893	6535625.361
2017-08-12 00:00:00 UTC	39.4211675	2096620706	8221813.328
2017-08-13 00:00:00 UTC	42.73749046	2273999898	8806807.664
2017-08-14 00:00:00 UTC	39.03132887	2077682522	4873391.538
2017-08-15 00:00:00 UTC	42.0753555	2240665204	8794423.641
2017-08-16 00:00:00 UTC	44.60146932	2376223561	10367961.67
2017-08-17 00:00:00 UTC	44.03874829	2346243585	10209598.98
2017-08-18 00:00:00 UTC	42.16054393	2248116144	13529685.59
2017-08-19 00:00:00 UTC	41.15877055	2195639310	33676218.17
2017-08-20 00:00:00 UTC	42.27444336	2256118346	8384370.134
2017-08-21 00:00:00 UTC	48.11243721	2568779555	21063209.2
2017-08-22 00:00:00 UTC	42.75096559	2283500076	13364359.66
2017-08-23 00:00:00 UTC	43.5596441	2327691257	8229742.725
2017-08-24 00:00:00 UTC	43.86072504	2344796554	10795309.08
2017-08-25 00:00:00 UTC	45.51037076	2434027746	14762747.63
2017-08-26 00:00:00 UTC	51.42423998	2751502813	31751682.79
2017-08-27 00:00:00 UTC	59.47446033	3183080551	63672990.24
2017-09-07 00:00:00 UTC	60.33145267	3244657199	40294456.8
2017-09-08 00:00:00 UTC	55.24417776	2972324594	12739844.64
2017-09-09 00:00:00 UTC	54.1656608	2915526275	7850747.705
2017-09-10 00:00:00 UTC	52.74894204	2840481736	4922876.457
2017-09-11 00:00:00 UTC	54.66168904	2944727679	11960742.21
2017-09-12 00:00:00 UTC	55.14761283	2972155777	10587814.26
2017-09-13 00:00:00 UTC	52.6909235	2840952330	11146781.77
2017-09-14 00:00:00 UTC	41.09086123	2216445164	12651193.1
2017-09-15 00:00:00 UTC	46.05174241	2485083268	12574302.22
2017-09-16 00:00:00 UTC	45.2669671	2443764379	9157202.468
2017-09-17 00:00:00 UTC	44.6534207	2411647527	2889625.608
2017-09-18 00:00:00 UTC	50.44600102	2725640314	7448294.026
2017-09-19 00:00:00 UTC	49.95085025	2700027025	6895967.576
2017-09-20 00:00:00 UTC	53.07706262	2870220450	12024890.99
2017-09-21 00:00:00 UTC	50.88113284	2752605685	9044262.93
2017-09-22 00:00:00 UTC	50.55442447	2736074965	5265143.675
2017-09-23 00:00:00 UTC	52.68379057	2852520376	7735781.387
2017-09-24 00:00:00 UTC	50.85287184	2754538610	5815409.225
2017-09-25 00:00:00 UTC	50.56348702	2740007552	7012442.991
2017-09-26 00:00:00 UTC	49.97102247	2709031569	4894778.844
2017-09-27 00:00:00 UTC	51.72251543	2805182262	6325467.192
2017-09-28 00:00:00 UTC	49.03813372	2660702478	7059810.336
2017-09-29 00:00:00 UTC	53.80020031	2920319258	14233072.87
2017-09-30 00:00:00 UTC	52.21660007	2835549364	9639345.703
2017-10-01 00:00:00 UTC	50.12307152	2723004780	10052630.75
2017-10-02 00:00:00 UTC	53.55606652	2910732048	130526607.8
2017-10-03 00:00:00 UTC	50.83850997	2764201632	18644090.96
2017-10-04 00:00:00 UTC	50.51247851	2747609852	11930771.88
2017-10-05 00:00:00 UTC	52.07696644	2833917850	7705932.956
2017-10-06 00:00:00 UTC	58.29176882	3173443242	34876491.67
2017-10-07 00:00:00 UTC	89.60540418	4880185848	542791471.8
2017-10-08 00:00:00 UTC	73.13106689	3983520516	182144648.7
2017-10-09 00:00:00 UTC	75.74178669	4128610944	65868904.55
2017-10-10 00:00:00 UTC	86.90772192	4739254064	33204752.93
2017-10-11 00:00:00 UTC	165.2836171	9017055997	390267091.8
2017-10-12 00:00:00 UTC	356.2080028	19441138187	5710556246
2017-10-13 00:00:00 UTC	552.1765383	30149391167	10939742268
2017-10-14 00:00:00 UTC	477.7268466	26095291551	4056152653
2017-10-15 00:00:00 UTC	448.4629894	24506921536	2193970522
2017-10-16 00:00:00 UTC	395.5348234	21623730580	1246315985
2017-10-17 00:00:00 UTC	334.9010655	18316534662	359921383.2
2017-10-18 00:00:00 UTC	319.6209062	17488113817	367274915.7
2017-10-19 00:00:00 UTC	364.6020061	19957356736	756678176.6
2017-10-20 00:00:00 UTC	327.273777	17921732940	274304325.1
2017-10-21 00:00:00 UTC	308.2307359	16885889167	209493440.1
2017-10-22 00:00:00 UTC	345.9114263	18958159996	337171080.2
2017-10-23 00:00:00 UTC	312.8623422	17153929358	178765342.5
2017-10-24 00:00:00 UTC	452.3571524	24812615359	1433386197
2017-10-25 00:00:00 UTC	440.7305601	24184946245	739773999.8
2017-10-26 00:00:00 UTC	387.839125	21290147581	370470557.5
2017-10-27 00:00:00 UTC	382.7403693	21020206333	187326446.2
2017-10-28 00:00:00 UTC	359.304933	19741183141	148895046.1
2017-10-29 00:00:00 UTC	322.1646669	17707998379	180635246
2017-10-30 00:00:00 UTC	353.5268117	19439944435	227269479.9
2017-10-31 00:00:00 UTC	335.6252131	18463196064	119848721.1
2017-11-01 00:00:00 UTC	302.6275813	16654844140	108181438.1
2017-11-02 00:00:00 UTC	301.9825368	16626214783	197702610.6
2017-11-03 00:00:00 UTC	296.0687981	16307299159	103265553.3
2017-11-04 00:00:00 UTC	293.3703186	16165408644	90224515.41
2017-11-05 00:00:00 UTC	298.0484208	16430016061	87488595.79
2017-11-06 00:00:00 UTC	296.92905	16375080367	81107420.78
2017-11-07 00:00:00 UTC	301.7924132	16650015700	38568976.38
2017-11-08 00:00:00 UTC	319.5097905	17634847647	163693670.5
2017-11-09 00:00:00 UTC	324.7513808	17924376427	166603960.2
